-- MySQL dump 10.13  Distrib 5.7.12, for Win64 (x86_64)
--
-- Host: localhost    Database: scotchbox
-- ------------------------------------------------------
-- Server version	5.6.35

/*!40101 SET @OLD_CHARACTER_SET_CLIENT=@@CHARACTER_SET_CLIENT */;
/*!40101 SET @OLD_CHARACTER_SET_RESULTS=@@CHARACTER_SET_RESULTS */;
/*!40101 SET @OLD_COLLATION_CONNECTION=@@COLLATION_CONNECTION */;
/*!40101 SET NAMES utf8 */;
/*!40103 SET @OLD_TIME_ZONE=@@TIME_ZONE */;
/*!40103 SET TIME_ZONE='+00:00' */;
/*!40014 SET @OLD_UNIQUE_CHECKS=@@UNIQUE_CHECKS, UNIQUE_CHECKS=0 */;
/*!40014 SET @OLD_FOREIGN_KEY_CHECKS=@@FOREIGN_KEY_CHECKS, FOREIGN_KEY_CHECKS=0 */;
/*!40101 SET @OLD_SQL_MODE=@@SQL_MODE, SQL_MODE='NO_AUTO_VALUE_ON_ZERO' */;
/*!40111 SET @OLD_SQL_NOTES=@@SQL_NOTES, SQL_NOTES=0 */;

--
-- Table structure for table `bus`
--

DROP TABLE IF EXISTS `bus`;
/*!40101 SET @saved_cs_client     = @@character_set_client */;
/*!40101 SET character_set_client = utf8 */;
CREATE TABLE `bus` (
  `bus_id` int(11) NOT NULL AUTO_INCREMENT,
  `bus_name` varchar(45) CHARACTER SET utf8 NOT NULL,
  `start_time` datetime NOT NULL,
  `end_time` datetime NOT NULL,
  `zone_id` int(11) NOT NULL,
  PRIMARY KEY (`bus_id`),
  UNIQUE KEY `bus_id_UNIQUE` (`bus_id`),
  KEY `fk_BUS_ZONE_ID` (`zone_id`),
  CONSTRAINT `fk_BUS_ZONE_ID` FOREIGN KEY (`zone_id`) REFERENCES `zone` (`zone_id`) ON DELETE NO ACTION ON UPDATE NO ACTION
) ENGINE=InnoDB AUTO_INCREMENT=10 DEFAULT CHARSET=utf8 COLLATE=utf8_unicode_ci;
/*!40101 SET character_set_client = @saved_cs_client */;

--
-- Dumping data for table `bus`
--

LOCK TABLES `bus` WRITE;
/*!40000 ALTER TABLE `bus` DISABLE KEYS */;
INSERT INTO `bus` VALUES (1,'F','2016-10-31 16:31:27','2016-10-31 16:31:27',1),(2,'R','2016-10-31 16:31:27','2016-10-31 16:31:27',1),(3,'Q','2016-10-31 16:31:27','2016-10-31 16:31:27',1),(4,'K','2016-10-31 16:31:27','2016-10-31 16:31:27',1),(5,'L','2016-10-31 16:31:27','2016-10-31 16:31:27',1),(6,'I','2016-10-31 16:31:27','2016-10-31 16:31:27',1),(7,'M','2016-10-31 16:31:27','2016-10-31 16:31:27',1),(8,'AB','2016-10-31 16:31:27','2016-10-31 16:31:27',1),(9,'O','2016-10-31 16:31:27','2016-10-31 16:31:27',1);
/*!40000 ALTER TABLE `bus` ENABLE KEYS */;
UNLOCK TABLES;

--
-- Table structure for table `country`
--

DROP TABLE IF EXISTS `country`;
/*!40101 SET @saved_cs_client     = @@character_set_client */;
/*!40101 SET character_set_client = utf8 */;
CREATE TABLE `country` (
  `country_id` int(11) NOT NULL AUTO_INCREMENT,
  `country_name` varchar(45) CHARACTER SET utf8 NOT NULL,
  PRIMARY KEY (`country_id`),
  UNIQUE KEY `country_id_UNIQUE` (`country_id`),
  UNIQUE KEY `country_name_UNIQUE` (`country_name`)
) ENGINE=InnoDB AUTO_INCREMENT=3 DEFAULT CHARSET=utf8 COLLATE=utf8_unicode_ci;
/*!40101 SET character_set_client = @saved_cs_client */;

--
-- Dumping data for table `country`
--

LOCK TABLES `country` WRITE;
/*!40000 ALTER TABLE `country` DISABLE KEYS */;
INSERT INTO `country` VALUES (1,'Canada'),(2,'U.S.A.');
/*!40000 ALTER TABLE `country` ENABLE KEYS */;
UNLOCK TABLES;

--
-- Table structure for table `event`
--

DROP TABLE IF EXISTS `event`;
/*!40101 SET @saved_cs_client     = @@character_set_client */;
/*!40101 SET character_set_client = utf8 */;
CREATE TABLE `event` (
  `event_id` int(11) NOT NULL AUTO_INCREMENT,
  `region_id` int(11) NOT NULL,
  `event_name` varchar(45) CHARACTER SET utf8 NOT NULL,
  `year` date NOT NULL,
  PRIMARY KEY (`event_id`),
  UNIQUE KEY `event_id_UNIQUE` (`event_id`),
  KEY `fk_EVENT_REGION1_idx` (`region_id`),
  CONSTRAINT `fk_EVENT_REGION1` FOREIGN KEY (`region_id`) REFERENCES `region` (`region_id`) ON DELETE NO ACTION ON UPDATE NO ACTION
) ENGINE=InnoDB AUTO_INCREMENT=2 DEFAULT CHARSET=utf8 COLLATE=utf8_unicode_ci;
/*!40101 SET character_set_client = @saved_cs_client */;

--
-- Dumping data for table `event`
--

LOCK TABLES `event` WRITE;
/*!40000 ALTER TABLE `event` DISABLE KEYS */;
INSERT INTO `event` VALUES (1,9,'Trick-or-Eat-2016','2016-12-31');
/*!40000 ALTER TABLE `event` ENABLE KEYS */;
UNLOCK TABLES;

--
-- Table structure for table `member`
--

DROP TABLE IF EXISTS `member`;
/*!40101 SET @saved_cs_client     = @@character_set_client */;
/*!40101 SET character_set_client = utf8 */;
CREATE TABLE `member` (
  `user_id` int(11) NOT NULL,
  `team_id` int(11) DEFAULT NULL,
  `date_joined_team` datetime NOT NULL DEFAULT CURRENT_TIMESTAMP ON UPDATE CURRENT_TIMESTAMP,
  `checked_in` enum('true','false') CHARACTER SET utf8 NOT NULL DEFAULT 'false',
  `event_id` int(11) DEFAULT NULL,
  `can_drive` enum('true','false') CHARACTER SET utf8 NOT NULL DEFAULT 'false',
  PRIMARY KEY (`user_id`),
  UNIQUE KEY `user_id_UNIQUE` (`user_id`),
  KEY `fk_MEMBER_TEAM1_idx` (`team_id`),
  KEY `fk_MEMBER_EVENT1_idx` (`event_id`),
  CONSTRAINT `fk_MEMBER_EVENT1` FOREIGN KEY (`event_id`) REFERENCES `event` (`event_id`) ON DELETE NO ACTION ON UPDATE NO ACTION,
  CONSTRAINT `fk_MEMBER_TEAM1` FOREIGN KEY (`team_id`) REFERENCES `team` (`team_id`) ON DELETE SET NULL ON UPDATE NO ACTION,
  CONSTRAINT `fk_MEMBER_USER1` FOREIGN KEY (`user_id`) REFERENCES `user` (`user_id`) ON DELETE NO ACTION ON UPDATE NO ACTION
) ENGINE=InnoDB DEFAULT CHARSET=utf8 COLLATE=utf8_unicode_ci;
/*!40101 SET character_set_client = @saved_cs_client */;

--
-- Dumping data for table `member`
--

LOCK TABLES `member` WRITE;
/*!40000 ALTER TABLE `member` DISABLE KEYS */;
INSERT INTO `member` VALUES (1,12,'0000-00-00 00:00:00','false',1,'false'),(6,85,'2016-11-03 16:10:35','false',1,'false'),(8,1,'0000-00-00 00:00:00','false',1,'false'),(9,1,'2016-10-31 16:58:56','true',1,'false'),(10,1,'2016-10-31 16:58:56','true',1,'false'),(11,1,'2016-10-31 16:58:56','true',1,'false'),(12,1,'2016-10-31 16:58:56','true',1,'false'),(13,2,'0000-00-00 00:00:00','false',1,'false'),(14,2,'2016-10-31 17:02:45','true',1,'false'),(15,2,'2016-10-31 17:02:45','true',1,'false'),(16,2,'2016-10-31 17:02:45','true',1,'false'),(17,2,'2016-10-31 17:02:45','true',1,'false'),(18,3,'0000-00-00 00:00:00','false',1,'false'),(19,3,'2016-10-31 17:07:20','true',1,'false'),(20,3,'2016-10-31 17:07:20','true',1,'false'),(21,3,'2016-10-31 17:07:20','true',1,'false'),(22,3,'2016-10-31 17:07:20','true',1,'false'),(23,4,'0000-00-00 00:00:00','false',1,'false'),(24,4,'2016-10-31 17:12:25','true',1,'false'),(25,4,'2016-10-31 17:12:25','true',1,'false'),(26,4,'2016-10-31 17:12:25','true',1,'false'),(27,4,'2016-10-31 17:12:25','true',1,'false'),(28,5,'0000-00-00 00:00:00','false',1,'false'),(29,6,'0000-00-00 00:00:00','false',1,'false'),(30,5,'2016-10-31 17:16:58','true',1,'false'),(31,5,'2016-10-31 17:16:58','true',1,'false'),(32,NULL,'2016-10-31 17:17:52','true',1,'false'),(33,6,'2016-10-31 17:17:52','true',1,'false'),(34,6,'2016-10-31 17:17:52','true',1,'false'),(35,6,'2016-10-31 17:17:52','true',1,'false'),(36,6,'0000-00-00 00:00:00','false',1,'false'),(3438,9,'2016-11-03 16:10:33','false',1,'false'),(3439,9,'2016-11-03 16:10:33','false',1,'false'),(3440,9,'2016-11-03 16:10:33','false',1,'false'),(3441,9,'2016-11-03 16:10:33','false',1,'false'),(3442,9,'2016-11-03 16:10:33','false',1,'false'),(3443,9,'2016-11-03 16:10:33','false',1,'false'),(3444,9,'2016-11-03 16:10:33','false',1,'false'),(3445,9,'2016-11-03 16:10:33','false',1,'false'),(3446,9,'2016-11-03 16:10:33','false',1,'false'),(3447,9,'2016-11-03 16:10:33','false',1,'false'),(3448,9,'2016-11-03 16:10:33','false',1,'false'),(3449,9,'2016-11-03 16:10:33','false',1,'false'),(3450,9,'2016-11-03 16:10:33','false',1,'false'),(3451,9,'2016-11-03 16:10:33','false',1,'false'),(3452,9,'2016-11-03 16:10:33','false',1,'false'),(3453,9,'2016-11-03 16:10:33','false',1,'false'),(3454,9,'2016-11-03 16:10:33','false',1,'false'),(3455,9,'2016-11-03 16:10:33','false',1,'false'),(3456,9,'2016-11-03 16:10:33','false',1,'false'),(3457,9,'2016-11-03 16:10:33','false',1,'false'),(3458,9,'2016-11-03 16:10:33','false',1,'false'),(3459,9,'2016-11-03 16:10:33','false',1,'false'),(3460,9,'2016-11-03 16:10:33','false',1,'false'),(3461,9,'2016-11-03 16:10:33','false',1,'false'),(3462,9,'2016-11-03 16:10:33','false',1,'false'),(3463,9,'2016-11-03 16:10:33','false',1,'false'),(3464,9,'2016-11-03 16:10:33','false',1,'false'),(3465,7,'2016-11-03 16:10:33','false',1,'false'),(3466,11,'2016-11-03 16:10:33','false',1,'false'),(3467,11,'2016-11-03 16:10:33','false',1,'false'),(3468,11,'2016-11-03 16:10:33','false',1,'false'),(3469,11,'2016-11-03 16:10:33','false',1,'false'),(3470,11,'2016-11-03 16:10:33','false',1,'false'),(3471,11,'2016-11-03 16:10:33','false',1,'false'),(3472,12,'2016-11-03 16:10:33','false',1,'false'),(3473,12,'2016-11-03 16:10:33','false',1,'false'),(3474,12,'2016-11-03 16:10:33','false',1,'false'),(3475,12,'2016-11-03 16:10:33','false',1,'false'),(3476,13,'2016-11-03 16:10:33','false',1,'false'),(3477,13,'2016-11-03 16:10:33','false',1,'false'),(3478,13,'2016-11-03 16:10:33','false',1,'false'),(3479,13,'2016-11-03 16:10:33','false',1,'false'),(3480,13,'2016-11-03 16:10:33','false',1,'false'),(3481,14,'2016-11-03 16:10:33','false',1,'false'),(3482,14,'2016-11-03 16:10:33','false',1,'false'),(3483,14,'2016-11-03 16:10:33','false',1,'false'),(3484,14,'2016-11-03 16:10:33','false',1,'false'),(3485,14,'2016-11-03 16:10:33','false',1,'false'),(3486,3,'2016-11-03 16:10:33','false',1,'false'),(3487,3,'2016-11-03 16:10:33','false',1,'false'),(3488,3,'2016-11-03 16:10:33','false',1,'false'),(3489,3,'2016-11-03 16:10:33','false',1,'false'),(3490,3,'2016-11-03 16:10:33','false',1,'false'),(3491,3,'2016-11-03 16:10:33','false',1,'false'),(3492,3,'2016-11-03 16:10:33','false',1,'false'),(3493,3,'2016-11-03 16:10:33','false',1,'false'),(3494,3,'2016-11-03 16:10:33','false',1,'false'),(3495,3,'2016-11-03 16:10:33','false',1,'false'),(3496,3,'2016-11-03 16:10:33','false',1,'false'),(3497,3,'2016-11-03 16:10:33','false',1,'false'),(3498,3,'2016-11-03 16:10:33','false',1,'false'),(3499,3,'2016-11-03 16:10:33','false',1,'false'),(3500,3,'2016-11-03 16:10:33','false',1,'false'),(3501,3,'2016-11-03 16:10:33','false',1,'false'),(3502,3,'2016-11-03 16:10:33','false',1,'false'),(3503,3,'2016-11-03 16:10:33','false',1,'false'),(3504,3,'2016-11-03 16:10:33','false',1,'false'),(3505,3,'2016-11-03 16:10:33','false',1,'false'),(3506,3,'2016-11-03 16:10:33','false',1,'false'),(3507,3,'2016-11-03 16:10:33','false',1,'false'),(3508,3,'2016-11-03 16:10:33','false',1,'false'),(3509,3,'2016-11-03 16:10:33','false',1,'false'),(3510,16,'2016-11-03 16:10:33','false',1,'false'),(3511,16,'2016-11-03 16:10:33','false',1,'false'),(3512,17,'2016-11-03 16:10:33','false',1,'false'),(3513,17,'2016-11-03 16:10:33','false',1,'false'),(3514,17,'2016-11-03 16:10:33','false',1,'false'),(3515,17,'2016-11-03 16:10:33','false',1,'false'),(3516,18,'2016-11-03 16:10:33','false',1,'false'),(3517,18,'2016-11-03 16:10:33','false',1,'false'),(3518,18,'2016-11-03 16:10:33','false',1,'false'),(3519,18,'2016-11-03 16:10:33','false',1,'false'),(3520,18,'2016-11-03 16:10:33','false',1,'false'),(3521,18,'2016-11-03 16:10:33','false',1,'false'),(3522,19,'2016-11-03 16:10:33','false',1,'false'),(3523,19,'2016-11-03 16:10:33','false',1,'false'),(3524,19,'2016-11-03 16:10:33','false',1,'false'),(3525,19,'2016-11-03 16:10:33','false',1,'false'),(3526,20,'2016-11-03 16:10:33','false',1,'false'),(3527,20,'2016-11-03 16:10:33','false',1,'false'),(3528,20,'2016-11-03 16:10:33','false',1,'false'),(3529,20,'2016-11-03 16:10:33','false',1,'false'),(3530,20,'2016-11-03 16:10:33','false',1,'false'),(3531,21,'2016-11-03 16:10:33','false',1,'false'),(3532,21,'2016-11-03 16:10:33','false',1,'false'),(3533,21,'2016-11-03 16:10:33','false',1,'false'),(3535,22,'2016-11-03 16:10:33','false',1,'false'),(3536,22,'2016-11-03 16:10:33','false',1,'false'),(3537,22,'2016-11-03 16:10:33','false',1,'false'),(3538,22,'2016-11-03 16:10:33','false',1,'false'),(3539,22,'2016-11-03 16:10:33','false',1,'false'),(3540,22,'2016-11-03 16:10:33','false',1,'false'),(3541,22,'2016-11-03 16:10:33','false',1,'false'),(3542,22,'2016-11-03 16:10:33','false',1,'false'),(3543,23,'2016-11-03 16:10:33','false',1,'false'),(3544,23,'2016-11-03 16:10:33','false',1,'false'),(3545,23,'2016-11-03 16:10:33','false',1,'false'),(3546,23,'2016-11-03 16:10:33','false',1,'false'),(3547,23,'2016-11-03 16:10:33','false',1,'false'),(3548,24,'2016-11-03 16:10:33','false',1,'false'),(3549,24,'2016-11-03 16:10:33','false',1,'false'),(3550,24,'2016-11-03 16:10:33','false',1,'false'),(3551,24,'2016-11-03 16:10:33','false',1,'false'),(3552,24,'2016-11-03 16:10:33','false',1,'false'),(3553,24,'2016-11-03 16:10:33','false',1,'false'),(3554,24,'2016-11-03 16:10:33','false',1,'false'),(3555,24,'2016-11-03 16:10:33','false',1,'false'),(3556,24,'2016-11-03 16:10:33','false',1,'false'),(3557,24,'2016-11-03 16:10:33','false',1,'false'),(3558,24,'2016-11-03 16:10:33','false',1,'false'),(3559,24,'2016-11-03 16:10:33','false',1,'false'),(3560,24,'2016-11-03 16:10:33','false',1,'false'),(3568,41,'2016-11-03 16:10:33','false',1,'false'),(3569,41,'2016-11-03 16:10:33','false',1,'false'),(3570,41,'2016-11-03 16:10:33','false',1,'false'),(3571,42,'2016-11-03 16:10:34','false',1,'false'),(3572,42,'2016-11-03 16:10:34','false',1,'false'),(3573,42,'2016-11-03 16:10:34','false',1,'false'),(3574,42,'2016-11-03 16:10:34','false',1,'false'),(3575,42,'2016-11-03 16:10:34','false',1,'false'),(3576,43,'2016-11-03 16:10:34','false',1,'false'),(3581,44,'2016-11-03 16:10:34','false',1,'false'),(3582,44,'2016-11-03 16:10:34','false',1,'false'),(3583,44,'2016-11-03 16:10:34','false',1,'false'),(3584,44,'2016-11-03 16:10:34','false',1,'false'),(3585,44,'2016-11-03 16:10:34','false',1,'false'),(3586,44,'2016-11-03 16:10:34','false',1,'false'),(3587,44,'2016-11-03 16:10:34','false',1,'false'),(3588,44,'2016-11-03 16:10:34','false',1,'false'),(3589,44,'2016-11-03 16:10:34','false',1,'false'),(3590,44,'2016-11-03 16:10:34','false',1,'false'),(3591,44,'2016-11-03 16:10:34','false',1,'false'),(3592,44,'2016-11-03 16:10:34','false',1,'false'),(3593,44,'2016-11-03 16:10:34','false',1,'false'),(3594,44,'2016-11-03 16:10:34','false',1,'false'),(3595,45,'2016-11-03 16:10:34','false',1,'false'),(3596,46,'2016-11-03 16:10:34','false',1,'false'),(3597,46,'2016-11-03 16:10:34','false',1,'false'),(3598,47,'2016-11-03 16:10:34','false',1,'false'),(3599,47,'2016-11-03 16:10:34','false',1,'false'),(3600,47,'2016-11-03 16:10:34','false',1,'false'),(3601,47,'2016-11-03 16:10:34','false',1,'false'),(3602,47,'2016-11-03 16:10:34','false',1,'false'),(3603,47,'2016-11-03 16:10:34','false',1,'false'),(3604,47,'2016-11-03 16:10:34','false',1,'false'),(3605,47,'2016-11-03 16:10:34','false',1,'false'),(3606,47,'2016-11-03 16:10:34','false',1,'false'),(3607,48,'2016-11-03 16:10:34','false',1,'false'),(3608,48,'2016-11-03 16:10:34','false',1,'false'),(3609,48,'2016-11-03 16:10:34','false',1,'false'),(3610,49,'2016-11-03 16:10:34','false',1,'false'),(3611,49,'2016-11-03 16:10:34','false',1,'false'),(3612,49,'2016-11-03 16:10:34','false',1,'false'),(3613,49,'2016-11-03 16:10:34','false',1,'false'),(3614,49,'2016-11-03 16:10:34','false',1,'false'),(3615,49,'2016-11-03 16:10:34','false',1,'false'),(3616,50,'2016-11-03 16:10:34','false',1,'false'),(3617,51,'2016-11-03 16:10:34','false',1,'false'),(3618,51,'2016-11-03 16:10:34','false',1,'false'),(3619,51,'2016-11-03 16:10:34','false',1,'false'),(3620,51,'2016-11-03 16:10:34','false',1,'false'),(3621,52,'2016-11-03 16:10:34','false',1,'false'),(3622,52,'2016-11-03 16:10:34','false',1,'false'),(3623,52,'2016-11-03 16:10:34','false',1,'false'),(3624,52,'2016-11-03 16:10:34','false',1,'false'),(3625,52,'2016-11-03 16:10:34','false',1,'false'),(3626,52,'2016-11-03 16:10:34','false',1,'false'),(3627,52,'2016-11-03 16:10:34','false',1,'false'),(3628,52,'2016-11-03 16:10:34','false',1,'false'),(3629,52,'2016-11-03 16:10:34','false',1,'false'),(3630,53,'2016-11-03 16:10:34','false',1,'false'),(3631,53,'2016-11-03 16:10:34','false',1,'false'),(3632,53,'2016-11-03 16:10:34','false',1,'false'),(3633,53,'2016-11-03 16:10:34','false',1,'false'),(3634,53,'2016-11-03 16:10:34','false',1,'false'),(3635,54,'2016-11-03 16:10:34','false',1,'false'),(3636,54,'2016-11-03 16:10:34','false',1,'false'),(3637,54,'2016-11-03 16:10:34','false',1,'false'),(3638,54,'2016-11-03 16:10:34','false',1,'false'),(3639,54,'2016-11-03 16:10:34','false',1,'false'),(3640,54,'2016-11-03 16:10:34','false',1,'false'),(3641,54,'2016-11-03 16:10:34','false',1,'false'),(3642,54,'2016-11-03 16:10:34','false',1,'false'),(3643,54,'2016-11-03 16:10:34','false',1,'false'),(3644,54,'2016-11-03 16:10:34','false',1,'false'),(3645,54,'2016-11-03 16:10:34','false',1,'false'),(3646,54,'2016-11-03 16:10:34','false',1,'false'),(3647,55,'2016-11-03 16:10:34','false',1,'false'),(3648,56,'2016-11-03 16:10:34','false',1,'false'),(3649,56,'2016-11-03 16:10:34','false',1,'false'),(3650,56,'2016-11-03 16:10:34','false',1,'false'),(3656,57,'2016-11-03 16:10:34','false',1,'false'),(3657,57,'2016-11-03 16:10:34','false',1,'false'),(3658,57,'2016-11-03 16:10:34','false',1,'false'),(3659,57,'2016-11-03 16:10:34','false',1,'false'),(3660,57,'2016-11-03 16:10:34','false',1,'false'),(3661,57,'2016-11-03 16:10:34','false',1,'false'),(3662,57,'2016-11-03 16:10:34','false',1,'false'),(3663,57,'2016-11-03 16:10:34','false',1,'false'),(3664,57,'2016-11-03 16:10:34','false',1,'false'),(3665,57,'2016-11-03 16:10:34','false',1,'false'),(3666,57,'2016-11-03 16:10:34','false',1,'false'),(3667,57,'2016-11-03 16:10:34','false',1,'false'),(3668,57,'2016-11-03 16:10:34','false',1,'false'),(3669,58,'2016-11-03 16:10:34','false',1,'false'),(3670,58,'2016-11-03 16:10:34','false',1,'false'),(3671,58,'2016-11-03 16:10:34','false',1,'false'),(3672,58,'2016-11-03 16:10:34','false',1,'false'),(3673,58,'2016-11-03 16:10:34','false',1,'false'),(3674,58,'2016-11-03 16:10:34','false',1,'false'),(3675,58,'2016-11-03 16:10:34','false',1,'false'),(3676,58,'2016-11-03 16:10:34','false',1,'false'),(3677,58,'2016-11-03 16:10:34','false',1,'false'),(3678,58,'2016-11-03 16:10:34','false',1,'false'),(3679,58,'2016-11-03 16:10:34','false',1,'false'),(3680,58,'2016-11-03 16:10:34','false',1,'false'),(3681,59,'2016-11-03 16:10:34','false',1,'false'),(3682,60,'2016-11-03 16:10:34','false',1,'false'),(3683,61,'2016-11-03 16:10:34','false',1,'false'),(3684,61,'2016-11-03 16:10:34','false',1,'false'),(3685,61,'2016-11-03 16:10:34','false',1,'false'),(3686,61,'2016-11-03 16:10:34','false',1,'false'),(3687,61,'2016-11-03 16:10:34','false',1,'false'),(3688,61,'2016-11-03 16:10:34','false',1,'false'),(3689,61,'2016-11-03 16:10:34','false',1,'false'),(3690,61,'2016-11-03 16:10:34','false',1,'false'),(3691,61,'2016-11-03 16:10:34','false',1,'false'),(3692,61,'2016-11-03 16:10:34','false',1,'false'),(3693,61,'2016-11-03 16:10:34','false',1,'false'),(3694,61,'2016-11-03 16:10:34','false',1,'false'),(3695,61,'2016-11-03 16:10:34','false',1,'false'),(3696,61,'2016-11-03 16:10:34','false',1,'false'),(3697,61,'2016-11-03 16:10:34','false',1,'false'),(3698,61,'2016-11-03 16:10:34','false',1,'false'),(3699,62,'2016-11-03 16:10:34','false',1,'false'),(3700,62,'2016-11-03 16:10:34','false',1,'false'),(3701,62,'2016-11-03 16:10:34','false',1,'false'),(3702,62,'2016-11-03 16:10:34','false',1,'false'),(3703,62,'2016-11-03 16:10:34','false',1,'false'),(3704,63,'2016-11-03 16:10:34','false',1,'false'),(3705,63,'2016-11-03 16:10:34','false',1,'false'),(3706,63,'2016-11-03 16:10:34','false',1,'false'),(3707,63,'2016-11-03 16:10:34','false',1,'false'),(3708,63,'2016-11-03 16:10:34','false',1,'false'),(3709,64,'2016-11-03 16:10:34','false',1,'false'),(3710,64,'2016-11-03 16:10:34','false',1,'false'),(3711,64,'2016-11-03 16:10:34','false',1,'false'),(3712,64,'2016-11-03 16:10:34','false',1,'false'),(3713,64,'2016-11-03 16:10:34','false',1,'false'),(3714,64,'2016-11-03 16:10:34','false',1,'false'),(3715,64,'2016-11-03 16:10:34','false',1,'false'),(3716,64,'2016-11-03 16:10:34','false',1,'false'),(3717,64,'2016-11-03 16:10:34','false',1,'false'),(3718,64,'2016-11-03 16:10:34','false',1,'false'),(3719,64,'2016-11-03 16:10:34','false',1,'false'),(3720,64,'2016-11-03 16:10:34','false',1,'false'),(3721,64,'2016-11-03 16:10:34','false',1,'false'),(3722,65,'2016-11-03 16:10:34','false',1,'false'),(3723,65,'2016-11-03 16:10:34','false',1,'false'),(3724,65,'2016-11-03 16:10:34','false',1,'false'),(3725,65,'2016-11-03 16:10:34','false',1,'false'),(3726,65,'2016-11-03 16:10:34','false',1,'false'),(3727,65,'2016-11-03 16:10:34','false',1,'false'),(3728,66,'2016-11-03 16:10:35','false',1,'false'),(3729,67,'2016-11-03 16:10:35','false',1,'false'),(3730,67,'2016-11-03 16:10:35','false',1,'false'),(3731,67,'2016-11-03 16:10:35','false',1,'false'),(3732,67,'2016-11-03 16:10:35','false',1,'false'),(3733,67,'2016-11-03 16:10:35','false',1,'false'),(3734,67,'2016-11-03 16:10:35','false',1,'false'),(3735,67,'2016-11-03 16:10:35','false',1,'false'),(3736,67,'2016-11-03 16:10:35','false',1,'false'),(3737,67,'2016-11-03 16:10:35','false',1,'false'),(3738,67,'2016-11-03 16:10:35','false',1,'false'),(3739,67,'2016-11-03 16:10:35','false',1,'false'),(3740,67,'2016-11-03 16:10:35','false',1,'false'),(3741,67,'2016-11-03 16:10:35','false',1,'false'),(3742,67,'2016-11-03 16:10:35','false',1,'false'),(3743,67,'2016-11-03 16:10:35','false',1,'false'),(3744,67,'2016-11-03 16:10:35','false',1,'false'),(3745,67,'2016-11-03 16:10:35','false',1,'false'),(3746,67,'2016-11-03 16:10:35','false',1,'false'),(3747,67,'2016-11-03 16:10:35','false',1,'false'),(3749,68,'2016-11-03 16:10:35','false',1,'false'),(3750,68,'2016-11-03 16:10:35','false',1,'false'),(3751,68,'2016-11-03 16:10:35','false',1,'false'),(3752,68,'2016-11-03 16:10:35','false',1,'false'),(3753,68,'2016-11-03 16:10:35','false',1,'false'),(3754,69,'2016-11-03 16:10:35','false',1,'false'),(3755,69,'2016-11-03 16:10:35','false',1,'false'),(3756,69,'2016-11-03 16:10:35','false',1,'false'),(3757,70,'2016-11-03 16:10:35','false',1,'false'),(3758,71,'2016-11-03 16:10:35','false',1,'false'),(3759,71,'2016-11-03 16:10:35','false',1,'false'),(3760,72,'2016-11-03 16:10:35','false',1,'false'),(3761,72,'2016-11-03 16:10:35','false',1,'false'),(3762,72,'2016-11-03 16:10:35','false',1,'false'),(3763,72,'2016-11-03 16:10:35','false',1,'false'),(3764,72,'2016-11-03 16:10:35','false',1,'false'),(3765,72,'2016-11-03 16:10:35','false',1,'false'),(3766,72,'2016-11-03 16:10:35','false',1,'false'),(3767,72,'2016-11-03 16:10:35','false',1,'false'),(3768,73,'2016-11-03 16:10:35','false',1,'false'),(3769,73,'2016-11-03 16:10:35','false',1,'false'),(3770,73,'2016-11-03 16:10:35','false',1,'false'),(3771,73,'2016-11-03 16:10:35','false',1,'false'),(3772,74,'2016-11-03 16:10:35','false',1,'false'),(3773,74,'2016-11-03 16:10:35','false',1,'false'),(3774,74,'2016-11-03 16:10:35','false',1,'false'),(3775,74,'2016-11-03 16:10:35','false',1,'false'),(3776,75,'2016-11-03 16:10:35','false',1,'false'),(3777,75,'2016-11-03 16:10:35','false',1,'false'),(3778,75,'2016-11-03 16:10:35','false',1,'false'),(3779,76,'2016-11-03 16:10:35','false',1,'false'),(3780,76,'2016-11-03 16:10:35','false',1,'false'),(3781,76,'2016-11-03 16:10:35','false',1,'false'),(3782,76,'2016-11-03 16:10:35','false',1,'false'),(3783,76,'2016-11-03 16:10:35','false',1,'false'),(3784,76,'2016-11-03 16:10:35','false',1,'false'),(3785,76,'2016-11-03 16:10:35','false',1,'false'),(3786,76,'2016-11-03 16:10:35','false',1,'false'),(3787,76,'2016-11-03 16:10:35','false',1,'false'),(3788,76,'2016-11-03 16:10:35','false',1,'false'),(3789,76,'2016-11-03 16:10:35','false',1,'false'),(3790,76,'2016-11-03 16:10:35','false',1,'false'),(3791,76,'2016-11-03 16:10:35','false',1,'false'),(3792,76,'2016-11-03 16:10:35','false',1,'false'),(3793,76,'2016-11-03 16:10:35','false',1,'false'),(3794,76,'2016-11-03 16:10:35','false',1,'false'),(3795,76,'2016-11-03 16:10:35','false',1,'false'),(3796,76,'2016-11-03 16:10:35','false',1,'false'),(3797,76,'2016-11-03 16:10:35','false',1,'false'),(3798,76,'2016-11-03 16:10:35','false',1,'false'),(3799,76,'2016-11-03 16:10:35','false',1,'false'),(3800,76,'2016-11-03 16:10:35','false',1,'false'),(3801,76,'2016-11-03 16:10:35','false',1,'false'),(3802,76,'2016-11-03 16:10:35','false',1,'false'),(3803,76,'2016-11-03 16:10:35','false',1,'false'),(3804,76,'2016-11-03 16:10:35','false',1,'false'),(3805,76,'2016-11-03 16:10:35','false',1,'false'),(3806,76,'2016-11-03 16:10:35','false',1,'false'),(3807,76,'2016-11-03 16:10:35','false',1,'false'),(3808,76,'2016-11-03 16:10:35','false',1,'false'),(3809,76,'2016-11-03 16:10:35','false',1,'false'),(3810,76,'2016-11-03 16:10:35','false',1,'false'),(3811,76,'2016-11-03 16:10:35','false',1,'false'),(3812,76,'2016-11-03 16:10:35','false',1,'false'),(3813,76,'2016-11-03 16:10:35','false',1,'false'),(3814,76,'2016-11-03 16:10:35','false',1,'false'),(3815,76,'2016-11-03 16:10:35','false',1,'false'),(3816,76,'2016-11-03 16:10:35','false',1,'false'),(3817,76,'2016-11-03 16:10:35','false',1,'false'),(3818,76,'2016-11-03 16:10:35','false',1,'false'),(3819,76,'2016-11-03 16:10:35','false',1,'false'),(3820,5,'2016-11-03 16:10:35','false',1,'false'),(3821,78,'2016-11-03 16:10:35','false',1,'false'),(3822,78,'2016-11-03 16:10:35','false',1,'false'),(3823,78,'2016-11-03 16:10:35','false',1,'false'),(3824,78,'2016-11-03 16:10:35','false',1,'false'),(3825,79,'2016-11-03 16:10:35','false',1,'false'),(3826,79,'2016-11-03 16:10:35','false',1,'false'),(3827,79,'2016-11-03 16:10:35','false',1,'false'),(3828,80,'2016-11-03 16:10:35','false',1,'false'),(3829,81,'2016-11-03 16:10:35','false',1,'false'),(3830,81,'2016-11-03 16:10:35','false',1,'false'),(3831,81,'2016-11-03 16:10:35','false',1,'false'),(3832,81,'2016-11-03 16:10:35','false',1,'false'),(3833,81,'2016-11-03 16:10:35','false',1,'false'),(3834,82,'2016-11-03 16:10:35','false',1,'false'),(3835,82,'2016-11-03 16:10:35','false',1,'false'),(3836,82,'2016-11-03 16:10:35','false',1,'false'),(3837,82,'2016-11-03 16:10:35','false',1,'false'),(3838,82,'2016-11-03 16:10:35','false',1,'false'),(3839,83,'2016-11-03 16:10:35','false',1,'false'),(3840,83,'2016-11-03 16:10:35','false',1,'false'),(3841,84,'2016-11-03 16:10:35','false',1,'false'),(3842,85,'2016-11-03 16:10:35','false',1,'false'),(3843,85,'2016-11-03 16:10:35','false',1,'false'),(3844,85,'2016-11-03 16:10:35','false',1,'false');
/*!40000 ALTER TABLE `member` ENABLE KEYS */;
UNLOCK TABLES;

--
-- Table structure for table `password_request`
--

DROP TABLE IF EXISTS `password_request`;
/*!40101 SET @saved_cs_client     = @@character_set_client */;
/*!40101 SET character_set_client = utf8 */;
CREATE TABLE `password_request` (
  `user_id` int(11) NOT NULL,
  `issued_at` varchar(255) NOT NULL,
  `expired_at` varchar(255) NOT NULL,
  `unique_id` varchar(255) NOT NULL,
  `status` varchar(45) DEFAULT NULL,
  PRIMARY KEY (`unique_id`),
  UNIQUE KEY `unique_id_UNIQUE` (`unique_id`),
  KEY `user_id_issued_at_idx` (`user_id`,`issued_at`),
  CONSTRAINT `user_id` FOREIGN KEY (`user_id`) REFERENCES `user` (`user_id`) ON DELETE NO ACTION ON UPDATE NO ACTION
) ENGINE=InnoDB DEFAULT CHARSET=utf8;
/*!40101 SET character_set_client = @saved_cs_client */;

--
-- Dumping data for table `password_request`
--

LOCK TABLES `password_request` WRITE;
/*!40000 ALTER TABLE `password_request` DISABLE KEYS */;
INSERT INTO `password_request` VALUES (7,'1500949631','1500967631','5976ac7f80ae9',NULL);
/*!40000 ALTER TABLE `password_request` ENABLE KEYS */;
UNLOCK TABLES;

--
-- Table structure for table `region`
--

DROP TABLE IF EXISTS `region`;
/*!40101 SET @saved_cs_client     = @@character_set_client */;
/*!40101 SET character_set_client = utf8 */;
CREATE TABLE `region` (
  `region_id` int(11) NOT NULL AUTO_INCREMENT,
  `country_id` int(11) NOT NULL,
  `region_name` varchar(255) CHARACTER SET utf8 NOT NULL,
  `latitude` decimal(9,6) NOT NULL DEFAULT '0.000000',
  `longitude` decimal(9,6) NOT NULL DEFAULT '0.000000',
  PRIMARY KEY (`region_id`),
  UNIQUE KEY `region_id_UNIQUE` (`region_id`),
  KEY `fk_REGION_COUNTRY1_idx` (`country_id`),
  CONSTRAINT `fk_REGION_COUNTRY1` FOREIGN KEY (`country_id`) REFERENCES `country` (`country_id`) ON DELETE NO ACTION ON UPDATE NO ACTION
) ENGINE=InnoDB AUTO_INCREMENT=64 DEFAULT CHARSET=utf8 COLLATE=utf8_unicode_ci;
/*!40101 SET character_set_client = @saved_cs_client */;

--
-- Dumping data for table `region`
--

LOCK TABLES `region` WRITE;
/*!40000 ALTER TABLE `region` DISABLE KEYS */;
INSERT INTO `region` VALUES (1,1,'Alberta',51.496845,-115.928055),(2,1,'British Columbia',53.726669,-127.647621),(3,1,'Manitoba',53.760860,-98.813873),(4,1,'New Brunswick',46.498390,-66.159668),(5,1,'Newfoundland and Labrador',53.135509,-57.660435),(6,1,'Northwest Territories',62.135189,-122.792473),(7,1,'Nova Scotia',44.651070,-63.582687),(8,1,'Nunavut',66.830925,-69.600800),(9,1,'Ontario',43.761539,-79.411079),(10,1,'Prince Edward Island',43.761539,-59.411079),(11,1,'Quebec',46.829853,-71.254028),(12,1,'Saskatchewan',49.663284,-103.853294),(13,1,'Yukon',60.721188,-135.056839),(14,2,'Alabama',32.806671,-86.791130),(15,2,'Alaska',61.370716,-152.404419),(16,2,'Arizona',33.729759,-111.431221),(17,2,'Arkansas',34.969704,-92.373123),(18,2,'California',36.116203,-119.681564),(19,2,'Colorado',39.059811,-105.311104),(20,2,'Connecticut',41.597782,-72.755371),(21,2,'Delaware',39.318523,-75.507141),(22,2,'Florida',27.766279,-81.686783),(23,2,'Georgia',33.040619,-83.643074),(24,2,'Hawaii',21.094318,-157.498337),(25,2,'Idaho',44.240459,-114.478828),(26,2,'Illinois',40.349457,-88.986137),(27,2,'Indiana',39.849426,-86.258278),(28,2,'Iowa',42.011539,-93.210526),(29,2,'Kansas',38.526600,-96.726486),(30,2,'Kentucky',37.668140,-84.670067),(31,2,'Louisiana',31.169546,-91.867805),(32,2,'Maine',44.693947,-69.381927),(33,2,'Maryland',39.063946,-76.802101),(34,2,'Massachusetts',42.230171,-71.530106),(35,2,'Michigan',43.326618,-84.536095),(36,2,'Minnesota',45.694454,-93.900192),(37,2,'Mississippi',32.741646,-89.678696),(38,2,'Missouri',38.456085,-92.288368),(39,2,'Montana',46.921925,-110.454353),(40,2,'Nebraska',41.125370,-98.268082),(41,2,'Nevada',38.313515,-117.055374),(42,2,'New Hampshire',43.452492,-71.563896),(43,2,'New Jersey',40.298904,-74.521011),(44,2,'New Mexico',34.840515,-106.248482),(45,2,'New York',42.165726,-74.948051),(46,2,'North Carolina',35.630066,-79.806419),(47,2,'North Dakota',47.528912,-99.784012),(48,2,'Ohio',40.388783,-82.764915),(49,2,'Oklahoma',35.565342,-96.928917),(50,2,'Oregon',44.572021,-122.070938),(51,2,'Pennsylvania',40.590752,-77.209755),(52,2,'Rhode Island',41.680893,-71.511780),(53,2,'South Carolina',33.856892,-80.945007),(54,2,'South Dakota',44.299782,-99.438828),(55,2,'Tennessee',35.747845,-86.692345),(56,2,'Texas',31.054487,-97.563461),(57,2,'Utah',40.150032,-111.862434),(58,2,'Vermont',44.045876,-72.710686),(59,2,'Virginia',37.769337,-78.169968),(60,2,'Washington',47.400902,-121.490494),(61,2,'West Virginia',38.491226,-80.954453),(62,2,'Wisconsin',44.268543,-89.616508),(63,2,'Wyoming',42.755966,-107.302490);
/*!40000 ALTER TABLE `region` ENABLE KEYS */;
UNLOCK TABLES;

--
-- Table structure for table `route`
--

DROP TABLE IF EXISTS `route`;
/*!40101 SET @saved_cs_client     = @@character_set_client */;
/*!40101 SET character_set_client = utf8 */;
CREATE TABLE `route` (
  `route_id` int(11) NOT NULL,
  `event_id` int(11) NOT NULL COMMENT '	',
  `start_time` datetime NOT NULL,
  `bus_id` int(11) DEFAULT NULL,
  UNIQUE KEY `route_id_UNIQUE` (`route_id`),
  KEY `fk_ROUTE_EVENT1_idx` (`event_id`),
  KEY `fk_I_BUS1_idx` (`bus_id`),
  CONSTRAINT `fk_I_BUS1` FOREIGN KEY (`bus_id`) REFERENCES `bus` (`bus_id`) ON DELETE NO ACTION ON UPDATE NO ACTION,
  CONSTRAINT `fk_ROUTE_EVENT1` FOREIGN KEY (`event_id`) REFERENCES `event` (`event_id`) ON DELETE NO ACTION ON UPDATE NO ACTION,
  CONSTRAINT `fk_ROUTE_ID` FOREIGN KEY (`route_id`) REFERENCES `route_archive` (`route_id`) ON DELETE CASCADE ON UPDATE NO ACTION
) ENGINE=InnoDB DEFAULT CHARSET=utf8 COLLATE=utf8_unicode_ci;
/*!40101 SET character_set_client = @saved_cs_client */;

--
-- Dumping data for table `route`
--

LOCK TABLES `route` WRITE;
/*!40000 ALTER TABLE `route` DISABLE KEYS */;
INSERT INTO `route` VALUES (83,1,'2017-04-13 02:47:24',NULL),(93,1,'2017-04-13 03:46:32',NULL),(94,1,'2017-04-13 03:46:34',NULL),(95,1,'2017-04-13 03:46:33',NULL),(96,1,'2017-04-13 03:46:39',NULL),(97,1,'2017-04-13 03:46:38',NULL),(98,1,'2017-04-13 03:46:35',NULL),(99,1,'2017-04-13 03:46:37',NULL),(100,1,'2017-04-13 03:46:36',NULL),(101,1,'2017-04-13 03:46:37',NULL),(102,1,'2017-04-13 18:23:28',NULL);
/*!40000 ALTER TABLE `route` ENABLE KEYS */;
UNLOCK TABLES;

--
-- Table structure for table `route_archive`
--

DROP TABLE IF EXISTS `route_archive`;
/*!40101 SET @saved_cs_client     = @@character_set_client */;
/*!40101 SET character_set_client = utf8 */;
CREATE TABLE `route_archive` (
  `route_id` int(11) NOT NULL AUTO_INCREMENT,
  `route_file_url` varchar(1000) CHARACTER SET utf8 NOT NULL,
  `route_name` varchar(100) CHARACTER SET utf8 NOT NULL,
  `Required_people` int(11) NOT NULL,
  `type` enum('Bus','Walk','Drive') CHARACTER SET utf8 NOT NULL,
  `wheelchair_accessible` enum('true','false') CHARACTER SET utf8 NOT NULL DEFAULT 'false',
  `blind_accessible` enum('true','false') CHARACTER SET utf8 NOT NULL DEFAULT 'false',
  `hearing_accessible` enum('true','false') CHARACTER SET utf8 NOT NULL DEFAULT 'false',
  `zone_id` int(11) NOT NULL,
  `owner_user_id` int(11) NOT NULL,
  PRIMARY KEY (`route_id`),
  UNIQUE KEY `route_id_UNIQUE` (`route_id`),
  KEY `IX_route_archive_type` (`type`),
  KEY `IX_route_archive_wheelchair_accessible` (`wheelchair_accessible`),
  KEY `IX_route_archive_blind_accessible` (`blind_accessible`),
  KEY `IX_route_archive_hearing_accessible` (`hearing_accessible`),
  KEY `FK_zone_route_archive_zone_id` (`zone_id`),
  KEY `FK_user_route_archive_owner_user_id_idx` (`owner_user_id`),
  CONSTRAINT `FK_user_route_archive_owner_user_id` FOREIGN KEY (`owner_user_id`) REFERENCES `user` (`user_id`) ON DELETE NO ACTION ON UPDATE NO ACTION,
  CONSTRAINT `FK_zone_route_archive_zone_id` FOREIGN KEY (`zone_id`) REFERENCES `zone` (`zone_id`) ON DELETE NO ACTION ON UPDATE NO ACTION
) ENGINE=InnoDB AUTO_INCREMENT=103 DEFAULT CHARSET=utf8 COLLATE=utf8_unicode_ci;
/*!40101 SET character_set_client = @saved_cs_client */;

--
-- Dumping data for table `route_archive`
--

LOCK TABLES `route_archive` WRITE;
/*!40000 ALTER TABLE `route_archive` DISABLE KEYS */;
INSERT INTO `route_archive` VALUES (83,'/1-58eec8cef27d1.kml','1-doc.kml',5,'Bus','false','true','false',1,1),(93,'/1-58ef2cceb00ea.kmz','1-AB-route-1-modded.kmz',5,'Bus','true','true','true',1,1),(94,'/1-58ef2ccec1186.kmz','1-AB-route-2-modded.kmz',5,'Bus','true','true','true',1,1),(95,'/1-58ef2ccecaec9.kmz','1-AB-route-3-modded.kmz',5,'Bus','true','true','true',1,1),(96,'/1-58ef2cced83af.kmz','1-AB-route-4-modded.kmz',5,'Bus','true','true','true',1,1),(97,'/1-58ef2ccee8b48.kmz','1-AB-route-5-modded.kmz',5,'Bus','true','true','true',1,1),(98,'/1-58ef2ccf01312.kmz','1-AB-route-6-modded.kmz',5,'Bus','true','true','true',1,1),(99,'/1-58ef2ccf18f2c.kmz','1-AB-route-7-modded.kmz',5,'Bus','true','true','true',1,1),(100,'/1-58ef2ccf260b1.kmz','1-AB-route-8-modded.kmz',5,'Bus','true','true','true',1,1),(101,'/1-58ef2ccf33290.kmz','1-AB-route-9-modded.kmz',5,'Bus','true','true','true',1,1),(102,'/1-58effa4b5665a.kmz','1-Trick-Or-Eat_Zone_AB.kmz',5,'Bus','true','true','false',1,1);
/*!40000 ALTER TABLE `route_archive` ENABLE KEYS */;
UNLOCK TABLES;

--
-- Table structure for table `team`
--

DROP TABLE IF EXISTS `team`;
/*!40101 SET @saved_cs_client     = @@character_set_client */;
/*!40101 SET character_set_client = utf8 */;
CREATE TABLE `team` (
  `team_id` int(11) NOT NULL AUTO_INCREMENT,
  `event_id` int(11) NOT NULL,
  `route_id` int(11) DEFAULT NULL,
  `captain_user_id` int(11) NOT NULL,
  `name` varchar(200) CHARACTER SET utf8 NOT NULL,
  PRIMARY KEY (`team_id`),
  UNIQUE KEY `team_id_UNIQUE` (`team_id`),
  UNIQUE KEY `event_id_name_UNIQUE` (`event_id`,`name`),
  KEY `fk_TEAM_ROUTE1_idx` (`route_id`),
  KEY `fk_TEAM_CAPTAIN_USER_ID_idx` (`captain_user_id`),
  CONSTRAINT `fk_TEAM_CAPTAIN_USER_ID` FOREIGN KEY (`captain_user_id`) REFERENCES `user` (`user_id`) ON DELETE NO ACTION ON UPDATE NO ACTION,
  CONSTRAINT `fk_TEAM_ROUTE1` FOREIGN KEY (`route_id`) REFERENCES `route` (`route_id`) ON DELETE SET NULL ON UPDATE NO ACTION
) ENGINE=InnoDB AUTO_INCREMENT=86 DEFAULT CHARSET=utf8 COLLATE=utf8_unicode_ci;
/*!40101 SET character_set_client = @saved_cs_client */;

--
-- Dumping data for table `team`
--

LOCK TABLES `team` WRITE;
/*!40000 ALTER TABLE `team` DISABLE KEYS */;
INSERT INTO `team` VALUES (1,1,NULL,8,'TeamKathleen'),(2,1,NULL,13,'INTERNATIONAL STUDENTS ORGANIZATION'),(3,1,NULL,18,'Artz HaYs'),(4,1,NULL,23,'Roteract Club of UoGuelph'),(5,1,NULL,28,'The Haunted'),(6,1,99,29,'The Best Team 2018'),(7,1,NULL,3465,'3610'),(8,1,NULL,3465,'3611'),(9,1,NULL,3459,'LLC'),(10,1,NULL,3465,'3612'),(11,1,NULL,3467,'14 Neevers'),(12,1,94,3475,'2000% Juice'),(13,1,NULL,3479,'Adam-s glove'),(14,1,NULL,3481,'AIESEC'),(16,1,NULL,3511,'BlackGryphons'),(17,1,NULL,3515,'BMSSA Team!'),(18,1,NULL,3517,'CAFP'),(19,1,NULL,3522,'Can-D'),(20,1,83,3526,'CAN-dy Commanders'),(21,1,102,3531,'CBSSC'),(22,1,NULL,3537,'CYF Scares Hunger!'),(23,1,NULL,3543,'Forest Dwellers'),(24,1,NULL,3560,'Free the Children UoG (2016)'),(25,1,NULL,3459,'LLC2'),(26,1,NULL,3465,'3613'),(27,1,NULL,3467,'14 Neevers2'),(28,1,NULL,3475,'2000% Juice2'),(29,1,NULL,3479,'Adam-s glove2'),(30,1,NULL,3481,'AIESEC2'),(32,1,NULL,3511,'BlackGryphons2'),(33,1,NULL,3515,'BMSSA Team2!'),(34,1,NULL,3517,'CAFP2'),(35,1,NULL,3522,'Can-D2'),(36,1,NULL,3526,'CAN-dy Commanders2'),(37,1,NULL,3531,'CBSSC2'),(38,1,NULL,3537,'CYF Scares Hunger2!'),(39,1,NULL,3543,'Forest Dwellers2'),(40,1,NULL,3560,'Free the Children UoG (2017)'),(41,1,97,3570,'Friends'),(42,1,NULL,3573,'Fun Food Crew'),(43,1,NULL,3576,'Futurama'),(44,1,NULL,8,'Glen 1&2 bad asses'),(45,1,NULL,3595,'Glengarry 6'),(46,1,102,3596,'Glengarry Nine'),(47,1,NULL,3605,'Gryphon Cross-Country'),(48,1,NULL,3608,'GuelphDad'),(49,1,NULL,3610,'Harbour'),(50,1,NULL,3616,'Harvard Hooligans'),(51,1,NULL,3619,'Horizon from the dead'),(52,1,NULL,3627,'HPA Guelph'),(53,1,100,3630,'IDEV-ils'),(54,1,NULL,13,'International student organization'),(55,1,101,3647,'Jamiens 4 Justice'),(56,1,NULL,3649,'Johnston 2 South'),(57,1,NULL,3662,'Kiss my ASCI'),(58,1,NULL,3671,'Ladybugs vs Lions - Watson and Lambton Halls'),(59,1,NULL,3681,'Lennox A 4E'),(60,1,96,3682,'Leanne&Tatiana'),(61,1,NULL,3692,'Mills Got Thrills'),(62,1,NULL,3700,'Monsters Company'),(63,1,NULL,3708,'Nerd Herd'),(64,1,NULL,3717,'Our Lady of Lourdes'),(65,1,NULL,3724,'Owen and his Witches'),(66,1,96,3728,'Ross Royals'),(67,1,NULL,3740,'Rotaract'),(68,1,98,3749,'SAS Peers 2016'),(69,1,96,3755,'Schooner 2'),(70,1,NULL,3757,'Swim team'),(71,1,NULL,3758,'Sword of the Conqueror'),(72,1,NULL,3766,'Team 2'),(73,1,95,3770,'Team Flex'),(74,1,101,3773,'Team Riptide'),(75,1,NULL,3778,'Team SVC'),(76,1,NULL,3804,'The Ghoulish Guelph Spookineers'),(77,1,NULL,28,'The Haunted2'),(78,1,NULL,3821,'The Originals'),(79,1,NULL,3827,'The Triforce'),(80,1,NULL,3828,'Trick or eat '),(81,1,93,3831,'Universities Fighting World Hunger'),(82,1,NULL,3837,'we got you COVEred'),(83,1,97,3840,'Wild Ontario'),(84,1,95,3841,'Witchen Dude!'),(85,1,NULL,6,'Zeta Psi');
/*!40000 ALTER TABLE `team` ENABLE KEYS */;
UNLOCK TABLES;

--
-- Table structure for table `user`
--

DROP TABLE IF EXISTS `user`;
/*!40101 SET @saved_cs_client     = @@character_set_client */;
/*!40101 SET character_set_client = utf8 */;
CREATE TABLE `user` (
  `user_id` int(11) NOT NULL AUTO_INCREMENT,
  `email` varchar(255) CHARACTER SET utf8 NOT NULL,
  `password` varchar(255) CHARACTER SET utf8 NOT NULL,
  `first_name` varchar(255) CHARACTER SET utf8 NOT NULL,
  `last_name` varchar(255) CHARACTER SET utf8 NOT NULL,
  `date_joined` datetime NOT NULL DEFAULT CURRENT_TIMESTAMP ON UPDATE CURRENT_TIMESTAMP,
  `region_id` int(11) NOT NULL,
  `hearing` enum('true','false') CHARACTER SET utf8 NOT NULL DEFAULT 'false',
  `visual` enum('true','false') CHARACTER SET utf8 NOT NULL DEFAULT 'false',
  `mobility` enum('true','false') CHARACTER SET utf8 NOT NULL DEFAULT 'false',
  PRIMARY KEY (`user_id`),
  UNIQUE KEY `email_UNIQUE` (`email`),
  UNIQUE KEY `user_id_UNIQUE` (`user_id`),
  KEY `fk_USER_REGION1_idx` (`region_id`),
  KEY `IX_user_hearing` (`hearing`),
  KEY `IX_user_visual` (`visual`),
  KEY `IX_user_mobility` (`mobility`),
  CONSTRAINT `fk_USER_REGION1` FOREIGN KEY (`region_id`) REFERENCES `region` (`region_id`) ON DELETE NO ACTION ON UPDATE NO ACTION
) ENGINE=InnoDB AUTO_INCREMENT=3865 DEFAULT CHARSET=utf8 COLLATE=utf8_unicode_ci;
/*!40101 SET character_set_client = @saved_cs_client */;

--
-- Dumping data for table `user`
--

LOCK TABLES `user` WRITE;
/*!40000 ALTER TABLE `user` DISABLE KEYS */;
INSERT INTO `user` VALUES (1,'mjourard@gmail.com','$2y$10$SZ7H6yhS4JGTWWY6SskuxO4dyG6R3c5is2GVDJWvIIQEGaKPM4/X.','admin','super','2016-08-19 14:54:35',9,'false','true','false'),(6,'rshoot@mail.uoguelph.ca','$2y$10$SZ7H6yhS4JGTWWY6SskuxO4dyG6R3c5is2GVDJWvIIQEGaKPM4/X.','Ryan','Shoot','0000-00-00 00:00:00',9,'false','false','false'),(7,'test@hotmail.com','$2y$10$SZ7H6yhS4JGTWWY6SskuxO4dyG6R3c5is2GVDJWvIIQEGaKPM4/X.','test','testlast','0000-00-00 00:00:00',9,'false','false','false'),(8,'kathleen.lalor@gmail.com','$2y$10$SZ7H6yhS4JGTWWY6SskuxO4dyG6R3c5is2GVDJWvIIQEGaKPM4/X.','Kathleen','Lalor','0000-00-00 00:00:00',9,'false','false','false'),(9,'TeamKathleen_0@toeholder.com','$2y$10$SZ7H6yhS4JGTWWY6SskuxO4dyG6R3c5is2GVDJWvIIQEGaKPM4/X.','TOEGeneratedFirstName','TOEGeneratedFirstName','2016-10-31 16:58:56',9,'false','false','false'),(10,'TeamKathleen_1@toeholder.com','$2y$10$SZ7H6yhS4JGTWWY6SskuxO4dyG6R3c5is2GVDJWvIIQEGaKPM4/X.','TOEGeneratedFirstName','TOEGeneratedFirstName','2016-10-31 16:58:56',9,'false','false','false'),(11,'TeamKathleen_2@toeholder.com','$2y$10$SZ7H6yhS4JGTWWY6SskuxO4dyG6R3c5is2GVDJWvIIQEGaKPM4/X.','TOEGeneratedFirstName','TOEGeneratedFirstName','2016-10-31 16:58:56',9,'false','false','false'),(12,'TeamKathleen_3@toeholder.com','$2y$10$SZ7H6yhS4JGTWWY6SskuxO4dyG6R3c5is2GVDJWvIIQEGaKPM4/X.','TOEGeneratedFirstName','TOEGeneratedFirstName','2016-10-31 16:58:56',9,'false','false','false'),(13,'qihaoran0330@gmail.com','$2y$10$SZ7H6yhS4JGTWWY6SskuxO4dyG6R3c5is2GVDJWvIIQEGaKPM4/X.','HAORAN','QI','0000-00-00 00:00:00',9,'false','false','false'),(14,'INTERNATIONAL STUDENTS ORGANIZATION_0@toeholder.com','$2y$10$SZ7H6yhS4JGTWWY6SskuxO4dyG6R3c5is2GVDJWvIIQEGaKPM4/X.','TOEGeneratedFirstName','TOEGeneratedFirstName','2016-10-31 17:02:45',9,'false','false','false'),(15,'INTERNATIONAL STUDENTS ORGANIZATION_1@toeholder.com','$2y$10$SZ7H6yhS4JGTWWY6SskuxO4dyG6R3c5is2GVDJWvIIQEGaKPM4/X.','TOEGeneratedFirstName','TOEGeneratedFirstName','2016-10-31 17:02:45',9,'false','false','false'),(16,'INTERNATIONAL STUDENTS ORGANIZATION_2@toeholder.com','$2y$10$SZ7H6yhS4JGTWWY6SskuxO4dyG6R3c5is2GVDJWvIIQEGaKPM4/X.','TOEGeneratedFirstName','TOEGeneratedFirstName','2016-10-31 17:02:45',9,'false','false','false'),(17,'INTERNATIONAL STUDENTS ORGANIZATION_3@toeholder.com','$2y$10$SZ7H6yhS4JGTWWY6SskuxO4dyG6R3c5is2GVDJWvIIQEGaKPM4/X.','TOEGeneratedFirstName','TOEGeneratedFirstName','2016-10-31 17:02:45',9,'false','false','false'),(18,'LCARIAZO@MAIL.UOGUELPH.CA','$2y$10$SZ7H6yhS4JGTWWY6SskuxO4dyG6R3c5is2GVDJWvIIQEGaKPM4/X.','LOIS','CARIAZO','0000-00-00 00:00:00',9,'false','false','false'),(19,'Artz_0@toeholder.com','$2y$10$SZ7H6yhS4JGTWWY6SskuxO4dyG6R3c5is2GVDJWvIIQEGaKPM4/X.','TOEGeneratedFirstName','TOEGeneratedFirstName','2016-10-31 17:07:20',9,'false','false','false'),(20,'Artz_1@toeholder.com','$2y$10$SZ7H6yhS4JGTWWY6SskuxO4dyG6R3c5is2GVDJWvIIQEGaKPM4/X.','TOEGeneratedFirstName','TOEGeneratedFirstName','2016-10-31 17:07:20',9,'false','false','false'),(21,'Artz_2@toeholder.com','$2y$10$SZ7H6yhS4JGTWWY6SskuxO4dyG6R3c5is2GVDJWvIIQEGaKPM4/X.','TOEGeneratedFirstName','TOEGeneratedFirstName','2016-10-31 17:07:20',9,'false','false','false'),(22,'Artz_3@toeholder.com','$2y$10$SZ7H6yhS4JGTWWY6SskuxO4dyG6R3c5is2GVDJWvIIQEGaKPM4/X.','TOEGeneratedFirstName','TOEGeneratedFirstName','2016-10-31 17:07:20',9,'false','false','false'),(23,'aphang@mail.uoguelph.ca','$2y$10$SZ7H6yhS4JGTWWY6SskuxO4dyG6R3c5is2GVDJWvIIQEGaKPM4/X.','Alexandra','Phang','0000-00-00 00:00:00',9,'false','false','false'),(24,'Roteract Club of UoGuelph_0@toeholder.com','$2y$10$SZ7H6yhS4JGTWWY6SskuxO4dyG6R3c5is2GVDJWvIIQEGaKPM4/X.','TOEGeneratedFirstName','TOEGeneratedFirstName','2016-10-31 17:12:25',9,'false','false','false'),(25,'Roteract Club of UoGuelph_1@toeholder.com','$2y$10$SZ7H6yhS4JGTWWY6SskuxO4dyG6R3c5is2GVDJWvIIQEGaKPM4/X.','TOEGeneratedFirstName','TOEGeneratedFirstName','2016-10-31 17:12:25',9,'false','false','false'),(26,'Roteract Club of UoGuelph_2@toeholder.com','$2y$10$SZ7H6yhS4JGTWWY6SskuxO4dyG6R3c5is2GVDJWvIIQEGaKPM4/X.','TOEGeneratedFirstName','TOEGeneratedFirstName','2016-10-31 17:12:25',9,'false','false','false'),(27,'Roteract Club of UoGuelph_3@toeholder.com','$2y$10$SZ7H6yhS4JGTWWY6SskuxO4dyG6R3c5is2GVDJWvIIQEGaKPM4/X.','TOEGeneratedFirstName','TOEGeneratedFirstName','2016-10-31 17:12:25',9,'false','false','false'),(28,'djacqu02@mail.uoguelph.ca','$2y$10$SZ7H6yhS4JGTWWY6SskuxO4dyG6R3c5is2GVDJWvIIQEGaKPM4/X.','Daniella','Jacques','0000-00-00 00:00:00',9,'false','false','false'),(29,'mynameisjosh@rocket.ca','$2y$10$SZ7H6yhS4JGTWWY6SskuxO4dyG6R3c5is2GVDJWvIIQEGaKPM4/X.','Josh','M','0000-00-00 00:00:00',9,'true','false','false'),(30,'The Haunted_0@toeholder.com','$2y$10$SZ7H6yhS4JGTWWY6SskuxO4dyG6R3c5is2GVDJWvIIQEGaKPM4/X.','TOEGeneratedFirstName','TOEGeneratedFirstName','2016-10-31 17:16:58',9,'false','false','false'),(31,'The Haunted_1@toeholder.com','$2y$10$SZ7H6yhS4JGTWWY6SskuxO4dyG6R3c5is2GVDJWvIIQEGaKPM4/X.','TOEGeneratedFirstName','TOEGeneratedFirstName','2016-10-31 17:16:58',9,'false','false','false'),(32,'The Best Team 2018_0@toeholder.com','$2y$10$SZ7H6yhS4JGTWWY6SskuxO4dyG6R3c5is2GVDJWvIIQEGaKPM4/X.','TOEGeneratedFirstName','TOEGeneratedFirstName','2016-10-31 17:17:52',9,'true','false','false'),(33,'The Best Team 2018_1@toeholder.com','$2y$10$SZ7H6yhS4JGTWWY6SskuxO4dyG6R3c5is2GVDJWvIIQEGaKPM4/X.','TOEGeneratedFirstName','TOEGeneratedFirstName','2016-10-31 17:17:52',9,'true','false','false'),(34,'The Best Team 2018_2@toeholder.com','$2y$10$SZ7H6yhS4JGTWWY6SskuxO4dyG6R3c5is2GVDJWvIIQEGaKPM4/X.','TOEGeneratedFirstName','TOEGeneratedFirstName','2016-10-31 17:17:52',9,'true','false','false'),(35,'The Best Team 2018_3@toeholder.com','$2y$10$SZ7H6yhS4JGTWWY6SskuxO4dyG6R3c5is2GVDJWvIIQEGaKPM4/X.','TOEGeneratedFirstName','TOEGeneratedFirstName','2016-10-31 17:17:52',9,'true','false','false'),(36,'dgillis@uoguelph.ca','$2y$10$SZ7H6yhS4JGTWWY6SskuxO4dyG6R3c5is2GVDJWvIIQEGaKPM4/X.','Dan','Gillis','0000-00-00 00:00:00',9,'false','true','false'),(3437,'Email','$2y$10$SZ7H6yhS4JGTWWY6SskuxO4dyG6R3c5is2GVDJWvIIQEGaKPM4/X.','First Name','Last Name','2016-11-03 15:42:27',9,'true','false','false'),(3438,'rgrousop@mail.uoguelph.ca','$2y$10$SZ7H6yhS4JGTWWY6SskuxO4dyG6R3c5is2GVDJWvIIQEGaKPM4/X.','James','','2016-11-03 15:42:27',9,'false','false','false'),(3439,'lindsay.aldous@hotmail.ca','$2y$10$SZ7H6yhS4JGTWWY6SskuxO4dyG6R3c5is2GVDJWvIIQEGaKPM4/X.','Lindsay','Aldous','2016-11-03 15:42:27',9,'false','true','false'),(3440,'pando_or@mail.ru','$2y$10$SZ7H6yhS4JGTWWY6SskuxO4dyG6R3c5is2GVDJWvIIQEGaKPM4/X.','Anastasia','Babenesheva','2016-11-03 15:42:27',9,'false','false','false'),(3441,'sbaile@mail.uoguelph.ca','$2y$10$SZ7H6yhS4JGTWWY6SskuxO4dyG6R3c5is2GVDJWvIIQEGaKPM4/X.','Shelby','Baile','2016-11-03 15:42:27',9,'false','true','false'),(3442,'abhinav@mail.uoguelph.ca','$2y$10$SZ7H6yhS4JGTWWY6SskuxO4dyG6R3c5is2GVDJWvIIQEGaKPM4/X.','Abhinav','Chatterjee','2016-11-03 15:42:27',9,'false','false','false'),(3443,'acolem02@mail.uoguelph.ca','$2y$10$SZ7H6yhS4JGTWWY6SskuxO4dyG6R3c5is2GVDJWvIIQEGaKPM4/X.','Asa Brooks','Coleman','2016-11-03 15:42:27',9,'true','true','false'),(3444,'acornish@mail.uoguelph.ca','$2y$10$SZ7H6yhS4JGTWWY6SskuxO4dyG6R3c5is2GVDJWvIIQEGaKPM4/X.','Amy','Cornish','2016-11-03 15:42:27',9,'false','false','false'),(3445,'pcornish@mail.uoguelph.ca','$2y$10$SZ7H6yhS4JGTWWY6SskuxO4dyG6R3c5is2GVDJWvIIQEGaKPM4/X.','Paige','Cornish','2016-11-03 15:42:27',9,'false','false','false'),(3446,'dshaivee26@gmail.com','$2y$10$SZ7H6yhS4JGTWWY6SskuxO4dyG6R3c5is2GVDJWvIIQEGaKPM4/X.','Shaivee','Deonanan','2016-11-03 15:42:27',9,'false','false','true'),(3447,'ediederi@uoguelph.ca','$2y$10$SZ7H6yhS4JGTWWY6SskuxO4dyG6R3c5is2GVDJWvIIQEGaKPM4/X.','Lizzie','Diederichs','2016-11-03 15:42:27',9,'false','false','false'),(3448,'syncrogirl@live.com','$2y$10$SZ7H6yhS4JGTWWY6SskuxO4dyG6R3c5is2GVDJWvIIQEGaKPM4/X.','Brooke','Evans','2016-11-03 15:42:27',9,'true','false','true'),(3449,'efowle01@mail.uoguelph.ca','$2y$10$SZ7H6yhS4JGTWWY6SskuxO4dyG6R3c5is2GVDJWvIIQEGaKPM4/X.','Emily','Fowler','2016-11-03 15:42:27',9,'false','true','false'),(3450,'ogreco@mail.uoguelph.ca','$2y$10$SZ7H6yhS4JGTWWY6SskuxO4dyG6R3c5is2GVDJWvIIQEGaKPM4/X.','Olivia','Greco','2016-11-03 15:42:27',9,'false','false','false'),(3451,'ajacks@mail.uoguelph.ca','$2y$10$SZ7H6yhS4JGTWWY6SskuxO4dyG6R3c5is2GVDJWvIIQEGaKPM4/X.','Ayesha','Jackson','2016-11-03 15:42:27',9,'false','false','false'),(3452,'munyoung@hotmail.com','$2y$10$SZ7H6yhS4JGTWWY6SskuxO4dyG6R3c5is2GVDJWvIIQEGaKPM4/X.','Munyoung','Ki','2016-11-03 15:42:27',9,'false','false','true'),(3453,'cowensla@mail.uoguelph.ca','$2y$10$SZ7H6yhS4JGTWWY6SskuxO4dyG6R3c5is2GVDJWvIIQEGaKPM4/X.','Ciara','Lattimore','2016-11-03 15:42:27',9,'true','false','false'),(3454,'alee26@mail.uoguelph.ca','$2y$10$SZ7H6yhS4JGTWWY6SskuxO4dyG6R3c5is2GVDJWvIIQEGaKPM4/X.','Abbey','Lee','2016-11-03 15:42:27',9,'false','false','false'),(3455,'kenzielee2011@hotmail.com','$2y$10$SZ7H6yhS4JGTWWY6SskuxO4dyG6R3c5is2GVDJWvIIQEGaKPM4/X.','Mackenzie','Lee','2016-11-03 15:42:27',9,'false','false','true'),(3456,'kmekp@msn.com','$2y$10$SZ7H6yhS4JGTWWY6SskuxO4dyG6R3c5is2GVDJWvIIQEGaKPM4/X.','Kia-Marie','Parsons','2016-11-03 15:42:27',9,'true','false','true'),(3457,'sperrell@mail.uoguelph.ca','$2y$10$SZ7H6yhS4JGTWWY6SskuxO4dyG6R3c5is2GVDJWvIIQEGaKPM4/X.','Stefania','Perrella','2016-11-03 15:42:27',9,'false','true','false'),(3458,'taylorrebidoux@gmail.com','$2y$10$SZ7H6yhS4JGTWWY6SskuxO4dyG6R3c5is2GVDJWvIIQEGaKPM4/X.','Taylor','Rebidoux','2016-11-03 15:42:27',9,'true','false','true'),(3459,'sroper126@gmail.com','$2y$10$SZ7H6yhS4JGTWWY6SskuxO4dyG6R3c5is2GVDJWvIIQEGaKPM4/X.','Shelby','Roper','2016-11-03 15:42:27',9,'false','false','true'),(3460,'sengupta@mail.uoguelph.ca','$2y$10$SZ7H6yhS4JGTWWY6SskuxO4dyG6R3c5is2GVDJWvIIQEGaKPM4/X.','Amiya','Sen Gupta','2016-11-03 15:42:27',9,'false','false','false'),(3461,'siderk@mail.uoguelph.ca','$2y$10$SZ7H6yhS4JGTWWY6SskuxO4dyG6R3c5is2GVDJWvIIQEGaKPM4/X.','Kody','Sider','2016-11-03 15:42:27',9,'false','false','false'),(3462,'cameron.stotts1606@gmail.com','$2y$10$SZ7H6yhS4JGTWWY6SskuxO4dyG6R3c5is2GVDJWvIIQEGaKPM4/X.','Cameron','Stotts','2016-11-03 15:42:27',9,'true','false','true'),(3463,'pirahashini.t@gmail.com','$2y$10$SZ7H6yhS4JGTWWY6SskuxO4dyG6R3c5is2GVDJWvIIQEGaKPM4/X.','Pirahashini','Thayanithy','2016-11-03 15:42:27',9,'true','false','true'),(3464,'yilianna1995@hotmail.com','$2y$10$SZ7H6yhS4JGTWWY6SskuxO4dyG6R3c5is2GVDJWvIIQEGaKPM4/X.','Cynthia','Zhou','2016-11-03 15:42:27',9,'false','false','true'),(3465,'msmith39@uoguelph.ca','$2y$10$SZ7H6yhS4JGTWWY6SskuxO4dyG6R3c5is2GVDJWvIIQEGaKPM4/X.','Mallory','Ps','2016-11-03 15:42:27',9,'true','false','false'),(3466,'ben.bales@gmail.com','$2y$10$SZ7H6yhS4JGTWWY6SskuxO4dyG6R3c5is2GVDJWvIIQEGaKPM4/X.','Benjamin','Bales','2016-11-03 15:42:27',9,'false','true','true'),(3467,'andrew.m.hynes22@gmail.com','$2y$10$SZ7H6yhS4JGTWWY6SskuxO4dyG6R3c5is2GVDJWvIIQEGaKPM4/X.','Andrew','Hynes','2016-11-03 15:42:27',9,'true','false','true'),(3468,'evansmarketingjunkmail@gmail.ca','$2y$10$SZ7H6yhS4JGTWWY6SskuxO4dyG6R3c5is2GVDJWvIIQEGaKPM4/X.','Evan','Kleiner','2016-11-03 15:42:27',9,'false','true','false'),(3469,'wpaulpad@mail.uoguelph.ca','$2y$10$SZ7H6yhS4JGTWWY6SskuxO4dyG6R3c5is2GVDJWvIIQEGaKPM4/X.','Liam','Paddock','2016-11-03 15:42:27',9,'false','false','false'),(3470,'Camschollen@gmail.com','$2y$10$SZ7H6yhS4JGTWWY6SskuxO4dyG6R3c5is2GVDJWvIIQEGaKPM4/X.','Cameron','Schollen','2016-11-03 15:42:27',9,'true','true','true'),(3471,'jtoro@mail.uoguelph.ca','$2y$10$SZ7H6yhS4JGTWWY6SskuxO4dyG6R3c5is2GVDJWvIIQEGaKPM4/X.','Juan','Toro','2016-11-03 15:42:27',9,'false','false','false'),(3472,'Aleshia@mail.uoguelph.ca','$2y$10$SZ7H6yhS4JGTWWY6SskuxO4dyG6R3c5is2GVDJWvIIQEGaKPM4/X.','Aleshia','Armstrong','2016-11-03 15:42:27',9,'false','false','false'),(3473,'kchauvin@mail.uoguelph.ca','$2y$10$SZ7H6yhS4JGTWWY6SskuxO4dyG6R3c5is2GVDJWvIIQEGaKPM4/X.','Kasandra','Chauvin','2016-11-03 15:42:27',9,'true','false','false'),(3474,'verma@mail.uoguelph.ca','$2y$10$SZ7H6yhS4JGTWWY6SskuxO4dyG6R3c5is2GVDJWvIIQEGaKPM4/X.','Rohan','Verma','2016-11-03 15:42:27',9,'false','false','false'),(3475,'zlzgoodlucky@hotmail.com','$2y$10$SZ7H6yhS4JGTWWY6SskuxO4dyG6R3c5is2GVDJWvIIQEGaKPM4/X.','Christina','Wang','2016-11-03 15:42:27',9,'true','false','true'),(3476,'sanan@mail.uoguelph.ca','$2y$10$SZ7H6yhS4JGTWWY6SskuxO4dyG6R3c5is2GVDJWvIIQEGaKPM4/X.','Sanjana','Anan','2016-11-03 15:42:27',9,'false','false','false'),(3477,'sdejardin15@gmail.com','$2y$10$SZ7H6yhS4JGTWWY6SskuxO4dyG6R3c5is2GVDJWvIIQEGaKPM4/X.','Stephanie','Dejardin','2016-11-03 15:42:27',9,'false','false','true'),(3478,'mckennal@mail.uoguelph.ca','$2y$10$SZ7H6yhS4JGTWWY6SskuxO4dyG6R3c5is2GVDJWvIIQEGaKPM4/X.','Lauren','McKenna','2016-11-03 15:42:27',9,'true','false','false'),(3479,'medeiroa@mail.uoguelph.ca','$2y$10$SZ7H6yhS4JGTWWY6SskuxO4dyG6R3c5is2GVDJWvIIQEGaKPM4/X.','Alenna','Medeiros','2016-11-03 15:42:27',9,'false','false','false'),(3480,'gabs.skye@gmail.com','$2y$10$SZ7H6yhS4JGTWWY6SskuxO4dyG6R3c5is2GVDJWvIIQEGaKPM4/X.','Gabrielle','Skye','2016-11-03 15:42:27',9,'true','false','true'),(3481,'hanny.chau@aiesec.net','$2y$10$SZ7H6yhS4JGTWWY6SskuxO4dyG6R3c5is2GVDJWvIIQEGaKPM4/X.','Hanny','Chau','2016-11-03 15:42:27',9,'false','false','false'),(3482,'akashani@mail.uoguelph.ca','$2y$10$SZ7H6yhS4JGTWWY6SskuxO4dyG6R3c5is2GVDJWvIIQEGaKPM4/X.','Anita','Kashani','2016-11-03 15:42:27',9,'false','false','false'),(3483,'amanivan@mail.uoguelph.ca','$2y$10$SZ7H6yhS4JGTWWY6SskuxO4dyG6R3c5is2GVDJWvIIQEGaKPM4/X.','Arthi','Manivannan','2016-11-03 15:42:27',9,'true','false','false'),(3484,'Elainey8a@gmail.com','$2y$10$SZ7H6yhS4JGTWWY6SskuxO4dyG6R3c5is2GVDJWvIIQEGaKPM4/X.','Elaine','Yao','2016-11-03 15:42:27',9,'false','false','true'),(3485,'vyu03@mail.uoguelph.ca','$2y$10$SZ7H6yhS4JGTWWY6SskuxO4dyG6R3c5is2GVDJWvIIQEGaKPM4/X.','Vivian','Yu','2016-11-03 15:42:27',9,'false','false','false'),(3486,'jbarke08@mail.uoguelph.ca','$2y$10$SZ7H6yhS4JGTWWY6SskuxO4dyG6R3c5is2GVDJWvIIQEGaKPM4/X.','Jess','Barker','2016-11-03 15:42:27',9,'false','false','false'),(3487,'danamhb33@hotmail.com','$2y$10$SZ7H6yhS4JGTWWY6SskuxO4dyG6R3c5is2GVDJWvIIQEGaKPM4/X.','Dana','Berthiaume','2016-11-03 15:42:27',9,'false','false','true'),(3488,'janeprior2013@gmail.com','$2y$10$SZ7H6yhS4JGTWWY6SskuxO4dyG6R3c5is2GVDJWvIIQEGaKPM4/X.','Jane','Cairnie-Richardson','2016-11-03 15:42:27',9,'false','false','true'),(3489,'taylorceetee@gmail.com','$2y$10$SZ7H6yhS4JGTWWY6SskuxO4dyG6R3c5is2GVDJWvIIQEGaKPM4/X.','Taylor','Cohen-Tanugi','2016-11-03 15:42:27',9,'true','false','true'),(3490,'cornellm@mail.uoguelph.ca','$2y$10$SZ7H6yhS4JGTWWY6SskuxO4dyG6R3c5is2GVDJWvIIQEGaKPM4/X.','Madison','Cornell','2016-11-03 15:42:27',9,'false','true','false'),(3491,'simonekdorie@gmail.com','$2y$10$SZ7H6yhS4JGTWWY6SskuxO4dyG6R3c5is2GVDJWvIIQEGaKPM4/X.','Simone','Dorie','2016-11-03 15:42:27',9,'false','false','true'),(3492,'julian.gw.416@gmail.com','$2y$10$SZ7H6yhS4JGTWWY6SskuxO4dyG6R3c5is2GVDJWvIIQEGaKPM4/X.','Julian','Gillespie-Wilson','2016-11-03 15:42:27',9,'false','true','true'),(3493,'MariahHanlin@gmail.com','$2y$10$SZ7H6yhS4JGTWWY6SskuxO4dyG6R3c5is2GVDJWvIIQEGaKPM4/X.','Mariah','Hanlin','2016-11-03 15:42:27',9,'true','true','true'),(3494,'mhayes08@mail.uoguelph.ca','$2y$10$SZ7H6yhS4JGTWWY6SskuxO4dyG6R3c5is2GVDJWvIIQEGaKPM4/X.','Madison','Hayes','2016-11-03 15:42:27',9,'false','false','false'),(3495,'jkondo@mail.uoguelph.ca','$2y$10$SZ7H6yhS4JGTWWY6SskuxO4dyG6R3c5is2GVDJWvIIQEGaKPM4/X.','Jenna','Kondo','2016-11-03 15:42:27',9,'false','false','false'),(3496,'lahey@mail.uoguelph.ca','$2y$10$SZ7H6yhS4JGTWWY6SskuxO4dyG6R3c5is2GVDJWvIIQEGaKPM4/X.','Katie','Lahey','2016-11-03 15:42:27',9,'false','false','false'),(3497,'mlehman@mail.uoguelph.ca','$2y$10$SZ7H6yhS4JGTWWY6SskuxO4dyG6R3c5is2GVDJWvIIQEGaKPM4/X.','Maggie','Lehman','2016-11-03 15:42:27',9,'false','false','false'),(3498,'valval85@live.com','$2y$10$SZ7H6yhS4JGTWWY6SskuxO4dyG6R3c5is2GVDJWvIIQEGaKPM4/X.','Valerie','Love','2016-11-03 15:42:27',9,'true','false','true'),(3499,'kmacdo23@mail.uoguelph.ca','$2y$10$SZ7H6yhS4JGTWWY6SskuxO4dyG6R3c5is2GVDJWvIIQEGaKPM4/X.','Kate','MacDonald','2016-11-03 15:42:27',9,'false','true','false'),(3500,'shaynamerriam@gmail.com','$2y$10$SZ7H6yhS4JGTWWY6SskuxO4dyG6R3c5is2GVDJWvIIQEGaKPM4/X.','Shayna','Merriam','2016-11-03 15:42:27',9,'false','false','true'),(3501,'knolan@mail.uoguelph.ca','$2y$10$SZ7H6yhS4JGTWWY6SskuxO4dyG6R3c5is2GVDJWvIIQEGaKPM4/X.','Kathleen','Nolan','2016-11-03 15:42:27',9,'false','true','false'),(3502,'squishygymnast@gmail.com','$2y$10$SZ7H6yhS4JGTWWY6SskuxO4dyG6R3c5is2GVDJWvIIQEGaKPM4/X.','Sydney','Perkins','2016-11-03 15:42:27',9,'false','false','true'),(3503,'mrice02@mail.uoguelph.ca','$2y$10$SZ7H6yhS4JGTWWY6SskuxO4dyG6R3c5is2GVDJWvIIQEGaKPM4/X.','Malcolm','Rice','2016-11-03 15:42:27',9,'false','false','false'),(3504,'crichmond633@gmail.com','$2y$10$SZ7H6yhS4JGTWWY6SskuxO4dyG6R3c5is2GVDJWvIIQEGaKPM4/X.','Ciara','Richmond','2016-11-03 15:42:27',9,'true','false','true'),(3505,'megsin11@gmail.com','$2y$10$SZ7H6yhS4JGTWWY6SskuxO4dyG6R3c5is2GVDJWvIIQEGaKPM4/X.','Megan','Sin','2016-11-03 15:42:27',9,'false','false','true'),(3506,'thomasrox200@gmail.com','$2y$10$SZ7H6yhS4JGTWWY6SskuxO4dyG6R3c5is2GVDJWvIIQEGaKPM4/X.','Thomas','Smith','2016-11-03 15:42:27',9,'false','false','true'),(3507,'AliciaAivyTran@gmail.com','$2y$10$SZ7H6yhS4JGTWWY6SskuxO4dyG6R3c5is2GVDJWvIIQEGaKPM4/X.','Alicia','Tran','2016-11-03 15:42:27',9,'false','false','true'),(3508,'alexaverm@gmail.com','$2y$10$SZ7H6yhS4JGTWWY6SskuxO4dyG6R3c5is2GVDJWvIIQEGaKPM4/X.','Alexa','Vermey','2016-11-03 15:42:27',9,'false','false','true'),(3509,'whiteethan553@gmail.com','$2y$10$SZ7H6yhS4JGTWWY6SskuxO4dyG6R3c5is2GVDJWvIIQEGaKPM4/X.','Ethan','White','2016-11-03 15:42:27',9,'false','false','true'),(3510,'wfeng@mail.uoguelph.ca','$2y$10$SZ7H6yhS4JGTWWY6SskuxO4dyG6R3c5is2GVDJWvIIQEGaKPM4/X.','Wen','Feng','2016-11-03 15:42:27',9,'false','false','false'),(3511,'mathews@mail.uoguelph.ca','$2y$10$SZ7H6yhS4JGTWWY6SskuxO4dyG6R3c5is2GVDJWvIIQEGaKPM4/X.','Sonu','Mathew','2016-11-03 15:42:27',9,'false','false','false'),(3512,'lbarisa@mail.uoguelph.ca','$2y$10$SZ7H6yhS4JGTWWY6SskuxO4dyG6R3c5is2GVDJWvIIQEGaKPM4/X.','Leena','Barisa','2016-11-03 15:42:27',9,'false','false','false'),(3513,'Mikaela-cooper@hotmail.ca','$2y$10$SZ7H6yhS4JGTWWY6SskuxO4dyG6R3c5is2GVDJWvIIQEGaKPM4/X.','Mikaela','Cooper','2016-11-03 15:42:27',9,'false','false','false'),(3514,'fontaine@mail.uoguelph.ca','$2y$10$SZ7H6yhS4JGTWWY6SskuxO4dyG6R3c5is2GVDJWvIIQEGaKPM4/X.','Camille','Fontaine-Morin','2016-11-03 15:42:27',9,'false','false','false'),(3515,'srak@mail.uoguelph.ca','$2y$10$SZ7H6yhS4JGTWWY6SskuxO4dyG6R3c5is2GVDJWvIIQEGaKPM4/X.','Shayna','Rak','2016-11-03 15:42:27',9,'false','false','false'),(3516,'jflapper@mail.uoguelph.ca','$2y$10$SZ7H6yhS4JGTWWY6SskuxO4dyG6R3c5is2GVDJWvIIQEGaKPM4/X.','Jane','Flapper','2016-11-03 15:42:27',9,'false','true','false'),(3517,'ghobriam@mail.uoguelph.ca','$2y$10$SZ7H6yhS4JGTWWY6SskuxO4dyG6R3c5is2GVDJWvIIQEGaKPM4/X.','Maria','Ghobrial','2016-11-03 15:42:27',9,'true','true','false'),(3518,'sgullins@mail.uoguelph.ca','$2y$10$SZ7H6yhS4JGTWWY6SskuxO4dyG6R3c5is2GVDJWvIIQEGaKPM4/X.','Sarah','Gullins','2016-11-03 15:42:27',9,'true','true','false'),(3519,'Kenzie_harris@hotmail.com','$2y$10$SZ7H6yhS4JGTWWY6SskuxO4dyG6R3c5is2GVDJWvIIQEGaKPM4/X.','Mackenzie','Harris','2016-11-03 15:42:27',9,'false','false','true'),(3520,'healy.kate@gmail.com','$2y$10$SZ7H6yhS4JGTWWY6SskuxO4dyG6R3c5is2GVDJWvIIQEGaKPM4/X.','Kate','Healy','2016-11-03 15:42:27',9,'false','true','true'),(3521,'zxiong@mail.uoguelph.ca','$2y$10$SZ7H6yhS4JGTWWY6SskuxO4dyG6R3c5is2GVDJWvIIQEGaKPM4/X.','Ziying','Xiong','2016-11-03 15:42:27',9,'false','false','false'),(3522,'shanisha33@gmail.com','$2y$10$SZ7H6yhS4JGTWWY6SskuxO4dyG6R3c5is2GVDJWvIIQEGaKPM4/X.','Shanisha','Wijeratne','2016-11-03 15:42:27',9,'false','false','true'),(3523,'eworoszc@mail.uoguelph.ca','$2y$10$SZ7H6yhS4JGTWWY6SskuxO4dyG6R3c5is2GVDJWvIIQEGaKPM4/X.','Elizabeth','Woroszchuk','2016-11-03 15:42:27',9,'false','false','false'),(3524,'swu06@mail.uoguelph.ca','$2y$10$SZ7H6yhS4JGTWWY6SskuxO4dyG6R3c5is2GVDJWvIIQEGaKPM4/X.','Sophie','Wu','2016-11-03 15:42:27',9,'false','false','false'),(3525,'syang09@mail.uoguelph.ca','$2y$10$SZ7H6yhS4JGTWWY6SskuxO4dyG6R3c5is2GVDJWvIIQEGaKPM4/X.','Sarah','Yang','2016-11-03 15:42:27',9,'true','false','false'),(3526,'khalliwu@uoguelph.ca','$2y$10$SZ7H6yhS4JGTWWY6SskuxO4dyG6R3c5is2GVDJWvIIQEGaKPM4/X.','Kelsey','Halliwushka','2016-11-03 15:42:27',9,'false','true','false'),(3527,'jkuska@mail.uoguelph.ca','$2y$10$SZ7H6yhS4JGTWWY6SskuxO4dyG6R3c5is2GVDJWvIIQEGaKPM4/X.','Janel','Kuska','2016-11-03 15:42:27',9,'false','false','false'),(3528,'liuk@uoguelph.ca','$2y$10$SZ7H6yhS4JGTWWY6SskuxO4dyG6R3c5is2GVDJWvIIQEGaKPM4/X.','Kyle','Liu','2016-11-03 15:42:27',9,'false','false','false'),(3529,'mspeirs@alumni.uoguelph.ca','$2y$10$SZ7H6yhS4JGTWWY6SskuxO4dyG6R3c5is2GVDJWvIIQEGaKPM4/X.','Melissa','Speirs','2016-11-03 15:42:27',9,'false','false','false'),(3530,'jwalsh03@uoguelph.ca','$2y$10$SZ7H6yhS4JGTWWY6SskuxO4dyG6R3c5is2GVDJWvIIQEGaKPM4/X.','Jessica','Walsh','2016-11-03 15:42:27',9,'false','true','false'),(3531,'adewanck@mail.uoguelph.ca','$2y$10$SZ7H6yhS4JGTWWY6SskuxO4dyG6R3c5is2GVDJWvIIQEGaKPM4/X.','Alison','Dewancker','2016-11-03 15:42:27',9,'false','false','false'),(3532,'Hishamiafarag@gmail.com','$2y$10$SZ7H6yhS4JGTWWY6SskuxO4dyG6R3c5is2GVDJWvIIQEGaKPM4/X.','Hisham','Farag','2016-11-03 15:42:27',9,'false','false','true'),(3533,'nickscool65@hotmail.com','$2y$10$SZ7H6yhS4JGTWWY6SskuxO4dyG6R3c5is2GVDJWvIIQEGaKPM4/X.','Nick','Kowaleski','2016-11-03 15:42:27',9,'false','true','true'),(3534,'vivitran@live.ca','$2y$10$SZ7H6yhS4JGTWWY6SskuxO4dyG6R3c5is2GVDJWvIIQEGaKPM4/X.','Wyatt','Cholack','2016-11-03 15:42:27',9,'false','true','false'),(3535,'sfishe10@mail.uoguelph.ca','$2y$10$SZ7H6yhS4JGTWWY6SskuxO4dyG6R3c5is2GVDJWvIIQEGaKPM4/X.','Sydney','Fisher','2016-11-03 15:42:27',9,'false','false','false'),(3536,'jharknes@mail.uoguelph.ca','$2y$10$SZ7H6yhS4JGTWWY6SskuxO4dyG6R3c5is2GVDJWvIIQEGaKPM4/X.','Julia','Harkness','2016-11-03 15:42:27',9,'false','false','false'),(3537,'m.harland@live.ca','$2y$10$SZ7H6yhS4JGTWWY6SskuxO4dyG6R3c5is2GVDJWvIIQEGaKPM4/X.','Mikaela','Harland','2016-11-03 15:42:27',9,'false','true','false'),(3538,'sholme11@mail.uoguelph.ca','$2y$10$SZ7H6yhS4JGTWWY6SskuxO4dyG6R3c5is2GVDJWvIIQEGaKPM4/X.','Sabrina','Holmes','2016-11-03 15:42:27',9,'true','true','false'),(3539,'ehyland@mail.uoguelph.ca','$2y$10$SZ7H6yhS4JGTWWY6SskuxO4dyG6R3c5is2GVDJWvIIQEGaKPM4/X.','Emma','Hyland','2016-11-03 15:42:27',9,'false','true','false'),(3540,'holly.kinstler2@gmail.com','$2y$10$SZ7H6yhS4JGTWWY6SskuxO4dyG6R3c5is2GVDJWvIIQEGaKPM4/X.','Holly','Kinstler','2016-11-03 15:42:27',9,'false','true','true'),(3541,'npandolf@mail.uoguelph.ca','$2y$10$SZ7H6yhS4JGTWWY6SskuxO4dyG6R3c5is2GVDJWvIIQEGaKPM4/X.','Nicole','Pandolfi','2016-11-03 15:42:27',9,'false','true','false'),(3542,'qsalverd@mail.uoguelph.ca','$2y$10$SZ7H6yhS4JGTWWY6SskuxO4dyG6R3c5is2GVDJWvIIQEGaKPM4/X.','Quinn','Salverda','2016-11-03 15:42:27',9,'false','true','false'),(3543,'kbrown27@mail.uoguelph.ca','$2y$10$SZ7H6yhS4JGTWWY6SskuxO4dyG6R3c5is2GVDJWvIIQEGaKPM4/X.','Katherine','Brown','2016-11-03 15:42:27',9,'true','false','false'),(3544,'rcarrick@mail.uoguelph.ca','$2y$10$SZ7H6yhS4JGTWWY6SskuxO4dyG6R3c5is2GVDJWvIIQEGaKPM4/X.','Rachael','Carrick','2016-11-03 15:42:27',9,'false','false','false'),(3545,'catherine@dleggett.com','$2y$10$SZ7H6yhS4JGTWWY6SskuxO4dyG6R3c5is2GVDJWvIIQEGaKPM4/X.','Catherine','Leggett','2016-11-03 15:42:27',9,'true','false','true'),(3546,'sarabooski@hotmail.com','$2y$10$SZ7H6yhS4JGTWWY6SskuxO4dyG6R3c5is2GVDJWvIIQEGaKPM4/X.','Sara','Wyngaarden','2016-11-03 15:42:27',9,'true','false','true'),(3547,'Alannabanana_10@hotmail.com','$2y$10$SZ7H6yhS4JGTWWY6SskuxO4dyG6R3c5is2GVDJWvIIQEGaKPM4/X.','Alanna','Zehr','2016-11-03 15:42:27',9,'false','false','true'),(3548,'carlisle@mail.uoguelph.ca','$2y$10$SZ7H6yhS4JGTWWY6SskuxO4dyG6R3c5is2GVDJWvIIQEGaKPM4/X.','Emily','Carlisle','2016-11-03 15:42:27',9,'false','true','false'),(3549,'sgill15@mail.uoguelph.ca','$2y$10$SZ7H6yhS4JGTWWY6SskuxO4dyG6R3c5is2GVDJWvIIQEGaKPM4/X.','Sabrina','Gill','2016-11-03 15:42:27',9,'true','true','false'),(3550,'fgotla@mail.uoguelph.ca','$2y$10$SZ7H6yhS4JGTWWY6SskuxO4dyG6R3c5is2GVDJWvIIQEGaKPM4/X.','Faredoon','Gotla','2016-11-03 15:42:27',9,'true','true','false'),(3551,'kiaragurtner@hotmail.com','$2y$10$SZ7H6yhS4JGTWWY6SskuxO4dyG6R3c5is2GVDJWvIIQEGaKPM4/X.','Kiara','Gurtner','2016-11-03 15:42:27',9,'true','false','true'),(3552,'brenna.hurley@sympatico.ca','$2y$10$SZ7H6yhS4JGTWWY6SskuxO4dyG6R3c5is2GVDJWvIIQEGaKPM4/X.','Brenna','Hurley','2016-11-03 15:42:27',9,'true','true','false'),(3553,'mledrew@mail.uoguelph.ca','$2y$10$SZ7H6yhS4JGTWWY6SskuxO4dyG6R3c5is2GVDJWvIIQEGaKPM4/X.','Madelyne Anne','LeDrew','2016-11-03 15:42:27',9,'false','false','false'),(3554,'spalmete@mail.uoguelph.ca','$2y$10$SZ7H6yhS4JGTWWY6SskuxO4dyG6R3c5is2GVDJWvIIQEGaKPM4/X.','Sarah','Palmeter','2016-11-03 15:42:27',9,'true','true','false'),(3555,'pn-power@hotmail.com','$2y$10$SZ7H6yhS4JGTWWY6SskuxO4dyG6R3c5is2GVDJWvIIQEGaKPM4/X.','Paige','Power','2016-11-03 15:42:27',9,'false','false','true'),(3556,'catherine_heart@hotmail.com','$2y$10$SZ7H6yhS4JGTWWY6SskuxO4dyG6R3c5is2GVDJWvIIQEGaKPM4/X.','Catherine','Shaw','2016-11-03 15:42:27',9,'true','false','true'),(3557,'gshei@hotmail.com','$2y$10$SZ7H6yhS4JGTWWY6SskuxO4dyG6R3c5is2GVDJWvIIQEGaKPM4/X.','Grace','Shei','2016-11-03 15:42:27',9,'true','false','true'),(3558,'itsbritstanto@gmail.com','$2y$10$SZ7H6yhS4JGTWWY6SskuxO4dyG6R3c5is2GVDJWvIIQEGaKPM4/X.','Brittany','Stanton','2016-11-03 15:42:27',9,'true','false','true'),(3559,'rwieschk@mail.uoguelph.ca','$2y$10$SZ7H6yhS4JGTWWY6SskuxO4dyG6R3c5is2GVDJWvIIQEGaKPM4/X.','Riley','Wieschkowski','2016-11-03 15:42:27',9,'false','false','false'),(3560,'eworonch@mail.uoguelph.ca','$2y$10$SZ7H6yhS4JGTWWY6SskuxO4dyG6R3c5is2GVDJWvIIQEGaKPM4/X.','Emily','Woronchak','2016-11-03 15:42:27',9,'false','false','false'),(3561,'gigi.alex78@gmail.com','$2y$10$SZ7H6yhS4JGTWWY6SskuxO4dyG6R3c5is2GVDJWvIIQEGaKPM4/X.','Giselle','Alexander','2016-11-03 15:42:27',9,'false','true','true'),(3562,'jackson@bedard.com','$2y$10$SZ7H6yhS4JGTWWY6SskuxO4dyG6R3c5is2GVDJWvIIQEGaKPM4/X.','Jackson','Bedard','2016-11-03 15:42:27',9,'false','false','true'),(3563,'aborania@mail.uoguelph.ca','$2y$10$SZ7H6yhS4JGTWWY6SskuxO4dyG6R3c5is2GVDJWvIIQEGaKPM4/X.','Alys','Boranian','2016-11-03 15:42:27',9,'false','false','false'),(3564,'scumberl@mail.uoguelph.ca','$2y$10$SZ7H6yhS4JGTWWY6SskuxO4dyG6R3c5is2GVDJWvIIQEGaKPM4/X.','Sarah','Cumberland','2016-11-03 15:42:27',9,'true','true','false'),(3565,'logorman@mail.uoguelph.ca','$2y$10$SZ7H6yhS4JGTWWY6SskuxO4dyG6R3c5is2GVDJWvIIQEGaKPM4/X.','Laura','O\'Gorman','2016-11-03 15:42:27',9,'true','false','false'),(3566,'anniepreston47@gmail.com','$2y$10$SZ7H6yhS4JGTWWY6SskuxO4dyG6R3c5is2GVDJWvIIQEGaKPM4/X.','Annie','Preston','2016-11-03 15:42:27',9,'false','false','true'),(3567,'feathers.2473@gmail.com','$2y$10$SZ7H6yhS4JGTWWY6SskuxO4dyG6R3c5is2GVDJWvIIQEGaKPM4/X.','Alyson','Wright','2016-11-03 15:42:27',9,'false','false','true'),(3568,'todochic@gmail.com','$2y$10$SZ7H6yhS4JGTWWY6SskuxO4dyG6R3c5is2GVDJWvIIQEGaKPM4/X.','Victoria','Butler','2016-11-03 15:42:27',9,'true','true','true'),(3569,'cyllt@hotmail.com','$2y$10$SZ7H6yhS4JGTWWY6SskuxO4dyG6R3c5is2GVDJWvIIQEGaKPM4/X.','Xuezhao','Li','2016-11-03 15:42:27',9,'false','false','true'),(3570,'siqi@mail.uoguelph.ca','$2y$10$SZ7H6yhS4JGTWWY6SskuxO4dyG6R3c5is2GVDJWvIIQEGaKPM4/X.','Selena','Liu','2016-11-03 15:42:27',9,'false','false','false'),(3571,'dander05@mail.uofguelph.ca','$2y$10$SZ7H6yhS4JGTWWY6SskuxO4dyG6R3c5is2GVDJWvIIQEGaKPM4/X.','Denia','Anderson','2016-11-03 15:42:27',9,'false','false','false'),(3572,'kdempste@mail.uoguelph.ca','$2y$10$SZ7H6yhS4JGTWWY6SskuxO4dyG6R3c5is2GVDJWvIIQEGaKPM4/X.','Kassidy','Dempster','2016-11-03 15:42:27',9,'false','false','false'),(3573,'ajohns24@mail.uoguelph.ca','$2y$10$SZ7H6yhS4JGTWWY6SskuxO4dyG6R3c5is2GVDJWvIIQEGaKPM4/X.','Ali','Johnson','2016-11-03 15:42:27',9,'false','false','false'),(3574,'awagne03@mail.uoguelph.ca','$2y$10$SZ7H6yhS4JGTWWY6SskuxO4dyG6R3c5is2GVDJWvIIQEGaKPM4/X.','Anna','Wagner','2016-11-03 15:42:27',9,'false','false','false'),(3575,'deezle_dozer@hotmail.com','$2y$10$SZ7H6yhS4JGTWWY6SskuxO4dyG6R3c5is2GVDJWvIIQEGaKPM4/X.','Amy','Weston','2016-11-03 15:42:27',9,'false','false','true'),(3576,'Richkayak@yahoo.ca','$2y$10$SZ7H6yhS4JGTWWY6SskuxO4dyG6R3c5is2GVDJWvIIQEGaKPM4/X.','Richard','Maggs','2016-11-03 15:42:27',9,'true','false','false'),(3577,'peasterb@mail.uoguelph.ca','$2y$10$SZ7H6yhS4JGTWWY6SskuxO4dyG6R3c5is2GVDJWvIIQEGaKPM4/X.','Paige','','2016-11-03 15:42:27',9,'false','false','false'),(3578,'scole03@mail.uoguelph.ca','$2y$10$SZ7H6yhS4JGTWWY6SskuxO4dyG6R3c5is2GVDJWvIIQEGaKPM4/X.','Sienna','','2016-11-03 15:42:27',9,'false','false','false'),(3579,'lbrodovs@mail.uoguelph.ca','$2y$10$SZ7H6yhS4JGTWWY6SskuxO4dyG6R3c5is2GVDJWvIIQEGaKPM4/X.','Sofia','','2016-11-03 15:42:27',9,'false','false','false'),(3580,'lmargets@mail.uoguelph.ca','$2y$10$SZ7H6yhS4JGTWWY6SskuxO4dyG6R3c5is2GVDJWvIIQEGaKPM4/X.','Leah','M','2016-11-03 15:42:27',9,'false','false','false'),(3581,'armani@mail.uoguelph.ca','$2y$10$SZ7H6yhS4JGTWWY6SskuxO4dyG6R3c5is2GVDJWvIIQEGaKPM4/X.','Armani','Badhan','2016-11-03 15:42:27',9,'true','false','false'),(3582,'ddanielsbayley@hotmail.com','$2y$10$SZ7H6yhS4JGTWWY6SskuxO4dyG6R3c5is2GVDJWvIIQEGaKPM4/X.','Daniel','Bayley','2016-11-03 15:42:27',9,'false','true','true'),(3583,'sarah-bradley@hotmail.com','$2y$10$SZ7H6yhS4JGTWWY6SskuxO4dyG6R3c5is2GVDJWvIIQEGaKPM4/X.','Sarah','Bradley','2016-11-03 15:42:27',9,'true','true','true'),(3584,'fantasyhero@live.ca','$2y$10$SZ7H6yhS4JGTWWY6SskuxO4dyG6R3c5is2GVDJWvIIQEGaKPM4/X.','Kye','Deuters','2016-11-03 15:42:27',9,'false','false','false'),(3585,'zhengfei@mail.uoguelph.ca','$2y$10$SZ7H6yhS4JGTWWY6SskuxO4dyG6R3c5is2GVDJWvIIQEGaKPM4/X.','Zhengfei','Feng','2016-11-03 15:42:27',9,'false','false','false'),(3586,'martha_kemeh@hotmail.com','$2y$10$SZ7H6yhS4JGTWWY6SskuxO4dyG6R3c5is2GVDJWvIIQEGaKPM4/X.','Martha','Kemeh','2016-11-03 15:42:27',9,'true','false','true'),(3587,'smaeda@mail.uoguelph.ca','$2y$10$SZ7H6yhS4JGTWWY6SskuxO4dyG6R3c5is2GVDJWvIIQEGaKPM4/X.','Sumika','Maeda','2016-11-03 15:42:27',9,'false','false','false'),(3588,'mmariner@mail.uoguelph.ca','$2y$10$SZ7H6yhS4JGTWWY6SskuxO4dyG6R3c5is2GVDJWvIIQEGaKPM4/X.','Mark','Mariner','2016-11-03 15:42:27',9,'true','false','false'),(3589,'jenna.matsuba@gmail.com','$2y$10$SZ7H6yhS4JGTWWY6SskuxO4dyG6R3c5is2GVDJWvIIQEGaKPM4/X.','Jenna','Matsuba','2016-11-03 15:42:27',9,'false','false','true'),(3590,'gracesantangeli@gmail.com','$2y$10$SZ7H6yhS4JGTWWY6SskuxO4dyG6R3c5is2GVDJWvIIQEGaKPM4/X.','Grace','Santangeli','2016-11-03 15:42:27',9,'true','true','true'),(3591,'lstam@mail.uoguelph.ca','$2y$10$SZ7H6yhS4JGTWWY6SskuxO4dyG6R3c5is2GVDJWvIIQEGaKPM4/X.','Lauren','Stam','2016-11-03 15:42:27',9,'true','false','false'),(3592,'mhogar98@gmail.com','$2y$10$SZ7H6yhS4JGTWWY6SskuxO4dyG6R3c5is2GVDJWvIIQEGaKPM4/X.','Ryan','Stamp','2016-11-03 15:42:27',9,'false','false','true'),(3593,'weiletianellen@outlook.com','$2y$10$SZ7H6yhS4JGTWWY6SskuxO4dyG6R3c5is2GVDJWvIIQEGaKPM4/X.','Letian','Wei','2016-11-03 15:42:27',9,'false','false','true'),(3594,'mzhou04@mail.uoguelph.ca','$2y$10$SZ7H6yhS4JGTWWY6SskuxO4dyG6R3c5is2GVDJWvIIQEGaKPM4/X.','Mengjie','Zhou','2016-11-03 15:42:27',9,'false','false','false'),(3595,'hayleyearmour@gmail.com','$2y$10$SZ7H6yhS4JGTWWY6SskuxO4dyG6R3c5is2GVDJWvIIQEGaKPM4/X.','Hayley','Armour','2016-11-03 15:42:27',9,'false','false','true'),(3596,'krober19@mail.uoguelph.ca','$2y$10$SZ7H6yhS4JGTWWY6SskuxO4dyG6R3c5is2GVDJWvIIQEGaKPM4/X.','Kailey','Robertson','2016-11-03 15:42:27',9,'false','false','false'),(3597,'scichirps@gmail.com','$2y$10$SZ7H6yhS4JGTWWY6SskuxO4dyG6R3c5is2GVDJWvIIQEGaKPM4/X.','Mengjie','Zhou','2016-11-03 15:42:27',9,'false','false','true'),(3598,'allisonk@mail.uoguelph.ca','$2y$10$SZ7H6yhS4JGTWWY6SskuxO4dyG6R3c5is2GVDJWvIIQEGaKPM4/X.','Katrina','Allison','2016-11-03 15:42:27',9,'true','true','false'),(3599,'ayersk@mail.uoguelph.ca','$2y$10$SZ7H6yhS4JGTWWY6SskuxO4dyG6R3c5is2GVDJWvIIQEGaKPM4/X.','Kate','Ayers','2016-11-03 15:42:27',9,'false','false','false'),(3600,'mcamer09@mail.uoguelph.ca','$2y$10$SZ7H6yhS4JGTWWY6SskuxO4dyG6R3c5is2GVDJWvIIQEGaKPM4/X.','Mackenzie','Cameron','2016-11-03 15:42:27',9,'false','false','false'),(3601,'jkellier@live.ca','$2y$10$SZ7H6yhS4JGTWWY6SskuxO4dyG6R3c5is2GVDJWvIIQEGaKPM4/X.','Joshua','Kellier','2016-11-03 15:42:27',9,'false','true','false'),(3602,'Taylorlyman76@gmail.com','$2y$10$SZ7H6yhS4JGTWWY6SskuxO4dyG6R3c5is2GVDJWvIIQEGaKPM4/X.','Taylor','Lymab','2016-11-03 15:42:27',9,'true','false','true'),(3603,'kylemadden45@gmail.com','$2y$10$SZ7H6yhS4JGTWWY6SskuxO4dyG6R3c5is2GVDJWvIIQEGaKPM4/X.','Kyle','Madden','2016-11-03 15:42:27',9,'false','false','true'),(3604,'cmitton@mail.uoguelph.ca','$2y$10$SZ7H6yhS4JGTWWY6SskuxO4dyG6R3c5is2GVDJWvIIQEGaKPM4/X.','Cheryse','Mitton','2016-11-03 15:42:27',9,'true','false','false'),(3605,'swatts02@mail.uoguelph.ca','$2y$10$SZ7H6yhS4JGTWWY6SskuxO4dyG6R3c5is2GVDJWvIIQEGaKPM4/X.','Sophie','Watts','2016-11-03 15:42:27',9,'false','false','false'),(3606,'h.m.woodhouse@hotmail.com','$2y$10$SZ7H6yhS4JGTWWY6SskuxO4dyG6R3c5is2GVDJWvIIQEGaKPM4/X.','Hannah','Woodhouse','2016-11-03 15:42:27',9,'false','false','true'),(3607,'fishingjack1997@sympatico.ca','$2y$10$SZ7H6yhS4JGTWWY6SskuxO4dyG6R3c5is2GVDJWvIIQEGaKPM4/X.','Jack','Campbell','2016-11-03 15:42:27',9,'false','true','false'),(3608,'emerry@mail.uoguelph.ca','$2y$10$SZ7H6yhS4JGTWWY6SskuxO4dyG6R3c5is2GVDJWvIIQEGaKPM4/X.','Emily','Merry','2016-11-03 15:42:27',9,'false','false','false'),(3609,'erowe02@mail.upguelph.ca','$2y$10$SZ7H6yhS4JGTWWY6SskuxO4dyG6R3c5is2GVDJWvIIQEGaKPM4/X.','Emily','Rowe','2016-11-03 15:42:27',9,'false','false','false'),(3610,'sbolitsk@mail.uoguelph.ca','$2y$10$SZ7H6yhS4JGTWWY6SskuxO4dyG6R3c5is2GVDJWvIIQEGaKPM4/X.','Shelby','Bolitsky','2016-11-03 15:42:27',9,'false','true','false'),(3611,'mdiebel@hotmail.com','$2y$10$SZ7H6yhS4JGTWWY6SskuxO4dyG6R3c5is2GVDJWvIIQEGaKPM4/X.','Megan','Diebel','2016-11-03 15:42:27',9,'false','true','true'),(3612,'edubois@mail.uoguelph.ca','$2y$10$SZ7H6yhS4JGTWWY6SskuxO4dyG6R3c5is2GVDJWvIIQEGaKPM4/X.','Erica','Dubois','2016-11-03 15:42:27',9,'true','false','false'),(3613,'aharri19@mail.uouelph.ca','$2y$10$SZ7H6yhS4JGTWWY6SskuxO4dyG6R3c5is2GVDJWvIIQEGaKPM4/X.','Alysha','Harris','2016-11-03 15:42:27',9,'false','false','false'),(3614,'epeter@mail.uoguelph.ca','$2y$10$SZ7H6yhS4JGTWWY6SskuxO4dyG6R3c5is2GVDJWvIIQEGaKPM4/X.','Elyse','Peter','2016-11-03 15:42:27',9,'false','false','false'),(3615,'erwhittaker98@yahoo.ca','$2y$10$SZ7H6yhS4JGTWWY6SskuxO4dyG6R3c5is2GVDJWvIIQEGaKPM4/X.','Emma','Whittaker','2016-11-03 15:42:27',9,'false','false','false'),(3616,'dgriffio@mail.uoguelph.ca','$2y$10$SZ7H6yhS4JGTWWY6SskuxO4dyG6R3c5is2GVDJWvIIQEGaKPM4/X.','Derek','Griffioen','2016-11-03 15:42:27',9,'true','false','false'),(3617,'rfirth@mail.uoguelph.ca','$2y$10$SZ7H6yhS4JGTWWY6SskuxO4dyG6R3c5is2GVDJWvIIQEGaKPM4/X.','Rachel','Firth','2016-11-03 15:42:27',9,'false','false','false'),(3618,'aperei13@mail.uoguelph.ca','$2y$10$SZ7H6yhS4JGTWWY6SskuxO4dyG6R3c5is2GVDJWvIIQEGaKPM4/X.','Alexis','Pereira','2016-11-03 15:42:27',9,'false','false','false'),(3619,'rshaw04@mail.uoguelph.ca','$2y$10$SZ7H6yhS4JGTWWY6SskuxO4dyG6R3c5is2GVDJWvIIQEGaKPM4/X.','Rebecca','Shaw','2016-11-03 15:42:27',9,'false','false','false'),(3620,'alyssa.tobin@hotmail.com','$2y$10$SZ7H6yhS4JGTWWY6SskuxO4dyG6R3c5is2GVDJWvIIQEGaKPM4/X.','Alyssa','Tobin','2016-11-03 15:42:27',9,'false','false','true'),(3621,'jbabulal@mail.uoguelph.ca','$2y$10$SZ7H6yhS4JGTWWY6SskuxO4dyG6R3c5is2GVDJWvIIQEGaKPM4/X.','Joni','Babulal','2016-11-03 15:42:27',9,'false','true','false'),(3622,'abranchf@uoguelph.ca','$2y$10$SZ7H6yhS4JGTWWY6SskuxO4dyG6R3c5is2GVDJWvIIQEGaKPM4/X.','Abbie','Branchflower','2016-11-03 15:42:27',9,'false','true','false'),(3623,'cconnery@mail.uoguelph.ca','$2y$10$SZ7H6yhS4JGTWWY6SskuxO4dyG6R3c5is2GVDJWvIIQEGaKPM4/X.','Ciara','Connery','2016-11-03 15:42:27',9,'true','false','false'),(3624,'cmartink@mail.uoguelph.ca','$2y$10$SZ7H6yhS4JGTWWY6SskuxO4dyG6R3c5is2GVDJWvIIQEGaKPM4/X.','Carolyn','Martinko','2016-11-03 15:42:27',9,'true','false','false'),(3625,'emassend@mail.uoguelph.ca','$2y$10$SZ7H6yhS4JGTWWY6SskuxO4dyG6R3c5is2GVDJWvIIQEGaKPM4/X.','Erin','Massender','2016-11-03 15:42:27',9,'true','false','false'),(3626,'ahona.mutsuddi96@gmail.com','$2y$10$SZ7H6yhS4JGTWWY6SskuxO4dyG6R3c5is2GVDJWvIIQEGaKPM4/X.','Ahona','Mutsuddi','2016-11-03 15:42:27',9,'false','false','true'),(3627,'schmidtg@mail.uoguelph.ca','$2y$10$SZ7H6yhS4JGTWWY6SskuxO4dyG6R3c5is2GVDJWvIIQEGaKPM4/X.','Grace','Schmidt','2016-11-03 15:42:27',9,'true','false','false'),(3628,'rebeccaatgylon@gmail.com','$2y$10$SZ7H6yhS4JGTWWY6SskuxO4dyG6R3c5is2GVDJWvIIQEGaKPM4/X.','Rebecca','Wilson','2016-11-03 15:42:27',9,'false','true','true'),(3629,'kzavarel@mail.uoguelph.ca','$2y$10$SZ7H6yhS4JGTWWY6SskuxO4dyG6R3c5is2GVDJWvIIQEGaKPM4/X.','Kayla','Zavarella','2016-11-03 15:42:27',9,'false','true','false'),(3630,'rcheskes@mail.uoguelph.ca','$2y$10$SZ7H6yhS4JGTWWY6SskuxO4dyG6R3c5is2GVDJWvIIQEGaKPM4/X.','Becca','Cheskes','2016-11-03 15:42:27',9,'false','false','false'),(3631,'zoe_gladstone@msn.com','$2y$10$SZ7H6yhS4JGTWWY6SskuxO4dyG6R3c5is2GVDJWvIIQEGaKPM4/X.','Zoe','Gladstone','2016-11-03 15:42:27',9,'false','true','true'),(3632,'elleehellier@hotmail.com','$2y$10$SZ7H6yhS4JGTWWY6SskuxO4dyG6R3c5is2GVDJWvIIQEGaKPM4/X.','Ellee','Hellier','2016-11-03 15:42:27',9,'false','true','true'),(3633,'rosenble@mail.uoguelph.ca','$2y$10$SZ7H6yhS4JGTWWY6SskuxO4dyG6R3c5is2GVDJWvIIQEGaKPM4/X.','Eliana','Rosenblum','2016-11-03 15:42:27',9,'false','true','false'),(3634,'kwenstru@mail.uoguelph.ca','$2y$10$SZ7H6yhS4JGTWWY6SskuxO4dyG6R3c5is2GVDJWvIIQEGaKPM4/X.','Kaileigh','Wenstrup','2016-11-03 15:42:27',9,'false','false','false'),(3635,'baraujo@mail.uoguelph.ca','$2y$10$SZ7H6yhS4JGTWWY6SskuxO4dyG6R3c5is2GVDJWvIIQEGaKPM4/X.','Brandon','Araujo','2016-11-03 15:42:27',9,'true','false','false'),(3636,'divenitagovender@gmail.com','$2y$10$SZ7H6yhS4JGTWWY6SskuxO4dyG6R3c5is2GVDJWvIIQEGaKPM4/X.','Div','Govender','2016-11-03 15:42:27',9,'false','false','true'),(3637,'grattonj@mail.uoguelph.ca','$2y$10$SZ7H6yhS4JGTWWY6SskuxO4dyG6R3c5is2GVDJWvIIQEGaKPM4/X.','Jacqueline','Gratton','2016-11-03 15:42:27',9,'false','false','false'),(3638,'skling@mail.uoguelph.ca','$2y$10$SZ7H6yhS4JGTWWY6SskuxO4dyG6R3c5is2GVDJWvIIQEGaKPM4/X.','Svenja','Kling','2016-11-03 15:42:27',9,'false','true','false'),(3639,'liqwvv@gmail.com','$2y$10$SZ7H6yhS4JGTWWY6SskuxO4dyG6R3c5is2GVDJWvIIQEGaKPM4/X.','Simone','Li','2016-11-03 15:42:27',9,'false','false','true'),(3640,'sliyimfe@mail.uoguelph.ca','$2y$10$SZ7H6yhS4JGTWWY6SskuxO4dyG6R3c5is2GVDJWvIIQEGaKPM4/X.','Sonia','Li-Yim-Feng','2016-11-03 15:42:27',9,'false','false','false'),(3641,'lcristin@mail.uoguelph.ca','$2y$10$SZ7H6yhS4JGTWWY6SskuxO4dyG6R3c5is2GVDJWvIIQEGaKPM4/X.','Luciane','Murata','2016-11-03 15:42:27',9,'false','false','false'),(3642,'nneumaye@uoguelph.ca','$2y$10$SZ7H6yhS4JGTWWY6SskuxO4dyG6R3c5is2GVDJWvIIQEGaKPM4/X.','Nicole','Neumayer','2016-11-03 15:42:27',9,'false','false','false'),(3643,'veronica.pricejones@gmail.com','$2y$10$SZ7H6yhS4JGTWWY6SskuxO4dyG6R3c5is2GVDJWvIIQEGaKPM4/X.','Veronica','Price-Jones','2016-11-03 15:42:27',9,'true','false','true'),(3644,'hqi01@mail.uoguelph.ca','$2y$10$SZ7H6yhS4JGTWWY6SskuxO4dyG6R3c5is2GVDJWvIIQEGaKPM4/X.','Haoran','Qi','2016-11-03 15:42:27',9,'true','false','false'),(3645,'irene.tanneur@orange.fr','$2y$10$SZ7H6yhS4JGTWWY6SskuxO4dyG6R3c5is2GVDJWvIIQEGaKPM4/X.','Irne','Tanneur','2016-11-03 15:42:27',9,'true','false','false'),(3646,'mvanderk@mail.uoguelph.ca','$2y$10$SZ7H6yhS4JGTWWY6SskuxO4dyG6R3c5is2GVDJWvIIQEGaKPM4/X.','Mirjam','van der Kraats','2016-11-03 15:42:27',9,'true','false','false'),(3647,'deborah.costa@wellingtoncdsb.ca','$2y$10$SZ7H6yhS4JGTWWY6SskuxO4dyG6R3c5is2GVDJWvIIQEGaKPM4/X.','Deborah','Costa','2016-11-03 15:42:27',9,'true','false','false'),(3648,'BeckyJEvans5@gmail.com','$2y$10$SZ7H6yhS4JGTWWY6SskuxO4dyG6R3c5is2GVDJWvIIQEGaKPM4/X.','Becky','Evans','2016-11-03 15:42:27',9,'false','false','true'),(3649,'kheerah@mail.uoguelph.ca','$2y$10$SZ7H6yhS4JGTWWY6SskuxO4dyG6R3c5is2GVDJWvIIQEGaKPM4/X.','Kavi','Heerah','2016-11-03 15:42:27',9,'false','false','false'),(3650,'chriskingdon1@gmail.com','$2y$10$SZ7H6yhS4JGTWWY6SskuxO4dyG6R3c5is2GVDJWvIIQEGaKPM4/X.','Chris','Kingdon','2016-11-03 15:42:27',9,'true','false','true'),(3651,'carlson@uoguelph.ca','$2y$10$SZ7H6yhS4JGTWWY6SskuxO4dyG6R3c5is2GVDJWvIIQEGaKPM4/X.','Emily','Carlson','2016-11-03 15:42:27',9,'false','true','false'),(3652,'hcortez@mail.upguelph.ca','$2y$10$SZ7H6yhS4JGTWWY6SskuxO4dyG6R3c5is2GVDJWvIIQEGaKPM4/X.','Helen','Cortez','2016-11-03 15:42:27',9,'false','false','false'),(3653,'ghossack@mail.uoguelph.ca','$2y$10$SZ7H6yhS4JGTWWY6SskuxO4dyG6R3c5is2GVDJWvIIQEGaKPM4/X.','Gavin','Hossack','2016-11-03 15:42:27',9,'false','false','false'),(3654,'mmoore01@uoguelph.ca','$2y$10$SZ7H6yhS4JGTWWY6SskuxO4dyG6R3c5is2GVDJWvIIQEGaKPM4/X.','Mike','Moore','2016-11-03 15:42:27',9,'false','false','false'),(3655,'lynette.obrien16@gmail.com','$2y$10$SZ7H6yhS4JGTWWY6SskuxO4dyG6R3c5is2GVDJWvIIQEGaKPM4/X.','Lynette','O\'Brien','2016-11-03 15:42:27',9,'false','false','true'),(3656,'fadatia@mail.uoguelph.ca','$2y$10$SZ7H6yhS4JGTWWY6SskuxO4dyG6R3c5is2GVDJWvIIQEGaKPM4/X.','Farhana','Adatia','2016-11-03 15:42:27',9,'true','false','false'),(3657,'sammendo@mail.uoguelph.ca','$2y$10$SZ7H6yhS4JGTWWY6SskuxO4dyG6R3c5is2GVDJWvIIQEGaKPM4/X.','Sarah','Ammendolia','2016-11-03 15:42:27',9,'true','true','false'),(3658,'ccross02@mail.uoguelph.ca','$2y$10$SZ7H6yhS4JGTWWY6SskuxO4dyG6R3c5is2GVDJWvIIQEGaKPM4/X.','Cassidy','Cross','2016-11-03 15:42:27',9,'false','false','false'),(3659,'kaitlynfraser3@gmail.com','$2y$10$SZ7H6yhS4JGTWWY6SskuxO4dyG6R3c5is2GVDJWvIIQEGaKPM4/X.','Kaitlyn','Fraser','2016-11-03 15:42:27',9,'false','false','true'),(3660,'Zkatz@mail.uoguelph.ca','$2y$10$SZ7H6yhS4JGTWWY6SskuxO4dyG6R3c5is2GVDJWvIIQEGaKPM4/X.','Zoe','Katz','2016-11-03 15:42:27',9,'false','false','false'),(3661,'skeeler@mail.uoguelph.ca','$2y$10$SZ7H6yhS4JGTWWY6SskuxO4dyG6R3c5is2GVDJWvIIQEGaKPM4/X.','Stephanie','Keeler','2016-11-03 15:42:27',9,'false','true','false'),(3662,'hlam02@mail.uoguelph.ca','$2y$10$SZ7H6yhS4JGTWWY6SskuxO4dyG6R3c5is2GVDJWvIIQEGaKPM4/X.','Haley','Lam','2016-11-03 15:42:27',9,'false','false','false'),(3663,'apinerol@mail.uoguelph.ca','$2y$10$SZ7H6yhS4JGTWWY6SskuxO4dyG6R3c5is2GVDJWvIIQEGaKPM4/X.','Anna Cecilia','Piero L','2016-11-03 15:42:27',9,'false','false','false'),(3664,'kranft@mail.uoguelph.ca','$2y$10$SZ7H6yhS4JGTWWY6SskuxO4dyG6R3c5is2GVDJWvIIQEGaKPM4/X.','Kaitlyn','Ranft','2016-11-03 15:42:27',9,'false','false','false'),(3665,'oreicher@mail.uoguelph.ca','$2y$10$SZ7H6yhS4JGTWWY6SskuxO4dyG6R3c5is2GVDJWvIIQEGaKPM4/X.','Olivia Sue','Reichert','2016-11-03 15:42:27',9,'false','false','false'),(3666,'ksimps06@mail.uoguelph.ca','$2y$10$SZ7H6yhS4JGTWWY6SskuxO4dyG6R3c5is2GVDJWvIIQEGaKPM4/X.','Kiri','Simpson','2016-11-03 15:42:27',9,'true','false','false'),(3667,'ttessari@mail.uoguelph.ca','$2y$10$SZ7H6yhS4JGTWWY6SskuxO4dyG6R3c5is2GVDJWvIIQEGaKPM4/X.','tristan','tessari','2016-11-03 15:42:27',9,'true','false','false'),(3668,'lventura@mail.uoguelph.ca','$2y$10$SZ7H6yhS4JGTWWY6SskuxO4dyG6R3c5is2GVDJWvIIQEGaKPM4/X.','Lily','Ventura','2016-11-03 15:42:27',9,'false','false','false'),(3669,'balawejk@mail.uoguelph.ca','$2y$10$SZ7H6yhS4JGTWWY6SskuxO4dyG6R3c5is2GVDJWvIIQEGaKPM4/X.','Kristen','Balawejder','2016-11-03 15:42:27',9,'true','true','false'),(3670,'kaitlyn.m.bell@gmail.com','$2y$10$SZ7H6yhS4JGTWWY6SskuxO4dyG6R3c5is2GVDJWvIIQEGaKPM4/X.','Kaitlyn','Bell','2016-11-03 15:42:27',9,'false','true','true'),(3671,'dalton03@uoguelph.ca','$2y$10$SZ7H6yhS4JGTWWY6SskuxO4dyG6R3c5is2GVDJWvIIQEGaKPM4/X.','Jasmin','Dalton','2016-11-03 15:42:27',9,'false','true','false'),(3672,'hynesm@mail.uoguelph.ca','$2y$10$SZ7H6yhS4JGTWWY6SskuxO4dyG6R3c5is2GVDJWvIIQEGaKPM4/X.','Michaella','Hynes','2016-11-03 15:42:27',9,'false','false','false'),(3673,'murphye428@gmail.com','$2y$10$SZ7H6yhS4JGTWWY6SskuxO4dyG6R3c5is2GVDJWvIIQEGaKPM4/X.','Erin','Murphy','2016-11-03 15:42:27',9,'true','false','true'),(3674,'anightin@mail.uoguelph.ca','$2y$10$SZ7H6yhS4JGTWWY6SskuxO4dyG6R3c5is2GVDJWvIIQEGaKPM4/X.','Angelique','Nightingale','2016-11-03 15:42:27',9,'false','true','false'),(3675,'losifo@mail.uoguelph.ca','$2y$10$SZ7H6yhS4JGTWWY6SskuxO4dyG6R3c5is2GVDJWvIIQEGaKPM4/X.','Lisa','Osifo','2016-11-03 15:42:27',9,'false','false','false'),(3676,'aportelli@mail.uoguelph.ca','$2y$10$SZ7H6yhS4JGTWWY6SskuxO4dyG6R3c5is2GVDJWvIIQEGaKPM4/X.','Anne Marie','Portelli','2016-11-03 15:42:27',9,'true','true','false'),(3677,'saththiyajayan@hotmail.com','$2y$10$SZ7H6yhS4JGTWWY6SskuxO4dyG6R3c5is2GVDJWvIIQEGaKPM4/X.','Sathi','Ranganathan','2016-11-03 15:42:27',9,'false','false','true'),(3678,'k.seabrook13@gmail.com','$2y$10$SZ7H6yhS4JGTWWY6SskuxO4dyG6R3c5is2GVDJWvIIQEGaKPM4/X.','Katryna','Seabrook','2016-11-03 15:42:27',9,'true','false','true'),(3679,'maththebestmark@gmail.com','$2y$10$SZ7H6yhS4JGTWWY6SskuxO4dyG6R3c5is2GVDJWvIIQEGaKPM4/X.','Mark','teeter','2016-11-03 15:42:27',9,'true','false','true'),(3680,'szevker@mail.uoguelph.ca','$2y$10$SZ7H6yhS4JGTWWY6SskuxO4dyG6R3c5is2GVDJWvIIQEGaKPM4/X.','Seren','Zevker','2016-11-03 15:42:27',9,'true','false','false'),(3681,'nfear@mail.uoguelph.ca','$2y$10$SZ7H6yhS4JGTWWY6SskuxO4dyG6R3c5is2GVDJWvIIQEGaKPM4/X.','Natalie','Fear','2016-11-03 15:42:27',9,'false','false','false'),(3682,'lcolbeck@mail.uoguelph.ca','$2y$10$SZ7H6yhS4JGTWWY6SskuxO4dyG6R3c5is2GVDJWvIIQEGaKPM4/X.','Lanne','Colbeck','2016-11-03 15:42:27',9,'false','true','false'),(3683,'bandre05@mail.uoguelph.ca','$2y$10$SZ7H6yhS4JGTWWY6SskuxO4dyG6R3c5is2GVDJWvIIQEGaKPM4/X.','Brooke','Andrews','2016-11-03 15:42:27',9,'true','false','false'),(3684,'brooker@mail.uoguelph.ca','$2y$10$SZ7H6yhS4JGTWWY6SskuxO4dyG6R3c5is2GVDJWvIIQEGaKPM4/X.','Emily','Brooker','2016-11-03 15:42:27',9,'false','false','false'),(3685,'nbrown09@mail.uoguelph.ca','$2y$10$SZ7H6yhS4JGTWWY6SskuxO4dyG6R3c5is2GVDJWvIIQEGaKPM4/X.','Natalie','Brown','2016-11-03 15:42:27',9,'false','false','false'),(3686,'aconsigl@mail.uoguelph.ca','$2y$10$SZ7H6yhS4JGTWWY6SskuxO4dyG6R3c5is2GVDJWvIIQEGaKPM4/X.','Attilio','Consigli','2016-11-03 15:42:27',9,'false','true','false'),(3687,'megan13culyer@gmail.com','$2y$10$SZ7H6yhS4JGTWWY6SskuxO4dyG6R3c5is2GVDJWvIIQEGaKPM4/X.','Megan','Culyer','2016-11-03 15:42:27',9,'false','true','true'),(3688,'mgill14@mail.uoguelph.ca','$2y$10$SZ7H6yhS4JGTWWY6SskuxO4dyG6R3c5is2GVDJWvIIQEGaKPM4/X.','Mallory','Gill','2016-11-03 15:42:27',9,'true','true','false'),(3689,'connogrego@gmail.com','$2y$10$SZ7H6yhS4JGTWWY6SskuxO4dyG6R3c5is2GVDJWvIIQEGaKPM4/X.','Connor','Gregor','2016-11-03 15:42:27',9,'true','false','true'),(3690,'sumana@mail.uoguelph.ca','$2y$10$SZ7H6yhS4JGTWWY6SskuxO4dyG6R3c5is2GVDJWvIIQEGaKPM4/X.','Sumana','Gupta','2016-11-03 15:42:27',9,'false','false','false'),(3691,'emma98noelle@hotmail.com','$2y$10$SZ7H6yhS4JGTWWY6SskuxO4dyG6R3c5is2GVDJWvIIQEGaKPM4/X.','Emma','Hollingsworth','2016-11-03 15:42:27',9,'false','true','true'),(3692,'pamela.janas@hotmail.ca','$2y$10$SZ7H6yhS4JGTWWY6SskuxO4dyG6R3c5is2GVDJWvIIQEGaKPM4/X.','Pamela','Janas','2016-11-03 15:42:27',9,'false','false','false'),(3693,'alishapopatia@hotmail.com','$2y$10$SZ7H6yhS4JGTWWY6SskuxO4dyG6R3c5is2GVDJWvIIQEGaKPM4/X.','Alisha','Popatia','2016-11-03 15:42:27',9,'false','false','true'),(3694,'jsprowl@mail.uoguelph.ca','$2y$10$SZ7H6yhS4JGTWWY6SskuxO4dyG6R3c5is2GVDJWvIIQEGaKPM4/X.','Julianna','Sprowl','2016-11-03 15:42:27',9,'false','true','false'),(3695,'emmaxthompson@gmail.com','$2y$10$SZ7H6yhS4JGTWWY6SskuxO4dyG6R3c5is2GVDJWvIIQEGaKPM4/X.','Emma','Thompson','2016-11-03 15:42:27',9,'false','false','true'),(3696,'kthorn03@mail.uoguelph.ca','$2y$10$SZ7H6yhS4JGTWWY6SskuxO4dyG6R3c5is2GVDJWvIIQEGaKPM4/X.','Kaitlin','Thorne','2016-11-03 15:42:27',9,'false','false','false'),(3697,'julia.tremayne@gmail.com','$2y$10$SZ7H6yhS4JGTWWY6SskuxO4dyG6R3c5is2GVDJWvIIQEGaKPM4/X.','Julia','Tremayne','2016-11-03 15:42:27',9,'false','false','true'),(3698,'rebekah.wilson009@gmail.com','$2y$10$SZ7H6yhS4JGTWWY6SskuxO4dyG6R3c5is2GVDJWvIIQEGaKPM4/X.','Rebekah','Wilson','2016-11-03 15:42:27',9,'false','true','true'),(3699,'adenoon@mail.uoguelph.ca','$2y$10$SZ7H6yhS4JGTWWY6SskuxO4dyG6R3c5is2GVDJWvIIQEGaKPM4/X.','Alicia','Denoon','2016-11-03 15:42:27',9,'false','false','false'),(3700,'hainesn@mail.uoguelph.ca','$2y$10$SZ7H6yhS4JGTWWY6SskuxO4dyG6R3c5is2GVDJWvIIQEGaKPM4/X.','Natasha','Haines','2016-11-03 15:42:27',9,'false','false','false'),(3701,'kaitlyn1998@live.ca','$2y$10$SZ7H6yhS4JGTWWY6SskuxO4dyG6R3c5is2GVDJWvIIQEGaKPM4/X.','Kaitlyn','Raine','2016-11-03 15:42:27',9,'false','false','false'),(3702,'r.anika3663@hotmail.com','$2y$10$SZ7H6yhS4JGTWWY6SskuxO4dyG6R3c5is2GVDJWvIIQEGaKPM4/X.','Anika','Rozairo','2016-11-03 15:42:27',9,'false','false','true'),(3703,'nstradow@mail.uoguelph.ca','$2y$10$SZ7H6yhS4JGTWWY6SskuxO4dyG6R3c5is2GVDJWvIIQEGaKPM4/X.','Natalia','Stradowska','2016-11-03 15:42:27',9,'false','false','false'),(3704,'gcanvin@mail.uoguelph.ca','$2y$10$SZ7H6yhS4JGTWWY6SskuxO4dyG6R3c5is2GVDJWvIIQEGaKPM4/X.','Gillian','Canvin','2016-11-03 15:42:27',9,'false','false','false'),(3705,'kaelin.carbonetto@gmail.com','$2y$10$SZ7H6yhS4JGTWWY6SskuxO4dyG6R3c5is2GVDJWvIIQEGaKPM4/X.','Kaelin','Carbonetto','2016-11-03 15:42:27',9,'false','false','true'),(3706,'bgreen04@mail.uoguelph.ca','$2y$10$SZ7H6yhS4JGTWWY6SskuxO4dyG6R3c5is2GVDJWvIIQEGaKPM4/X.','Brooke','Green','2016-11-03 15:42:27',9,'true','false','false'),(3707,'jodouinc@uoguelph.ca','$2y$10$SZ7H6yhS4JGTWWY6SskuxO4dyG6R3c5is2GVDJWvIIQEGaKPM4/X.','Camille','Jodouin','2016-11-03 15:42:27',9,'false','false','false'),(3708,'maind@mail.uoguelph.ca','$2y$10$SZ7H6yhS4JGTWWY6SskuxO4dyG6R3c5is2GVDJWvIIQEGaKPM4/X.','Dana','Main','2016-11-03 15:42:27',9,'false','false','false'),(3709,'aciccia@outlook.com','$2y$10$SZ7H6yhS4JGTWWY6SskuxO4dyG6R3c5is2GVDJWvIIQEGaKPM4/X.','Adam','Ciccia','2016-11-03 15:42:27',9,'false','false','true'),(3710,'candicedriscoll_@hotmail.com','$2y$10$SZ7H6yhS4JGTWWY6SskuxO4dyG6R3c5is2GVDJWvIIQEGaKPM4/X.','Candice','Driscoll','2016-11-03 15:42:27',9,'false','true','true'),(3711,'c.figliuzzi@hotmail.com','$2y$10$SZ7H6yhS4JGTWWY6SskuxO4dyG6R3c5is2GVDJWvIIQEGaKPM4/X.','cassandra','figliuzzi','2016-11-03 15:42:27',9,'true','true','true'),(3712,'taliagaudette1@gmail.com','$2y$10$SZ7H6yhS4JGTWWY6SskuxO4dyG6R3c5is2GVDJWvIIQEGaKPM4/X.','Talia','Gaudette','2016-11-03 15:42:27',9,'false','false','true'),(3713,'Quinn_hanna8@hotmail.com','$2y$10$SZ7H6yhS4JGTWWY6SskuxO4dyG6R3c5is2GVDJWvIIQEGaKPM4/X.','Quinn','Hanna','2016-11-03 15:42:27',9,'false','false','true'),(3714,'mikayla1475@hotmail.com','$2y$10$SZ7H6yhS4JGTWWY6SskuxO4dyG6R3c5is2GVDJWvIIQEGaKPM4/X.','Mikayla','Hirst','2016-11-03 15:42:27',9,'false','false','true'),(3715,'johnson.phan.hoang@gmail.com','$2y$10$SZ7H6yhS4JGTWWY6SskuxO4dyG6R3c5is2GVDJWvIIQEGaKPM4/X.','Johnson','Hoang','2016-11-03 15:42:27',9,'false','false','true'),(3716,'jordanmariedesi@hotmail.com','$2y$10$SZ7H6yhS4JGTWWY6SskuxO4dyG6R3c5is2GVDJWvIIQEGaKPM4/X.','Desiree','Jordan','2016-11-03 15:42:27',9,'true','false','true'),(3717,'cmandevillejordan@gmail.com','$2y$10$SZ7H6yhS4JGTWWY6SskuxO4dyG6R3c5is2GVDJWvIIQEGaKPM4/X.','Cierra','Mandeville-Jordan','2016-11-03 15:42:27',9,'true','true','true'),(3718,'Cralph7@me.com','$2y$10$SZ7H6yhS4JGTWWY6SskuxO4dyG6R3c5is2GVDJWvIIQEGaKPM4/X.','Cedric','Ralph','2016-11-03 15:42:27',9,'true','true','true'),(3719,'cammteeter@gmail.com','$2y$10$SZ7H6yhS4JGTWWY6SskuxO4dyG6R3c5is2GVDJWvIIQEGaKPM4/X.','Cam','Teeter','2016-11-03 15:42:27',9,'false','false','true'),(3720,'florvarela@msn.com','$2y$10$SZ7H6yhS4JGTWWY6SskuxO4dyG6R3c5is2GVDJWvIIQEGaKPM4/X.','florencia','Varela','2016-11-03 15:42:27',9,'true','true','true'),(3721,'jesse-visser1@hotmail.com','$2y$10$SZ7H6yhS4JGTWWY6SskuxO4dyG6R3c5is2GVDJWvIIQEGaKPM4/X.','Jesse','Visser','2016-11-03 15:42:27',9,'false','false','true'),(3722,'jberard1997@outlook.com','$2y$10$SZ7H6yhS4JGTWWY6SskuxO4dyG6R3c5is2GVDJWvIIQEGaKPM4/X.','Jordan','Berard','2016-11-03 15:42:27',9,'true','false','true'),(3723,'ehill03@mail.uoguelph.ca','$2y$10$SZ7H6yhS4JGTWWY6SskuxO4dyG6R3c5is2GVDJWvIIQEGaKPM4/X.','Emily','Hill','2016-11-03 15:42:27',9,'false','true','false'),(3724,'okrystia@mail.uoguelph.ca','$2y$10$SZ7H6yhS4JGTWWY6SskuxO4dyG6R3c5is2GVDJWvIIQEGaKPM4/X.','Owen','Krystia','2016-11-03 15:42:27',9,'false','false','false'),(3725,'karinamrodgers@gmail.com','$2y$10$SZ7H6yhS4JGTWWY6SskuxO4dyG6R3c5is2GVDJWvIIQEGaKPM4/X.','Karina','Rodgers','2016-11-03 15:42:27',9,'true','false','true'),(3726,'nvanalph@mail.uoguelph.ca','$2y$10$SZ7H6yhS4JGTWWY6SskuxO4dyG6R3c5is2GVDJWvIIQEGaKPM4/X.','Natalie','Van Alphen','2016-11-03 15:42:27',9,'false','true','false'),(3727,'nwakeman@mail.uoguelph.ca','$2y$10$SZ7H6yhS4JGTWWY6SskuxO4dyG6R3c5is2GVDJWvIIQEGaKPM4/X.','Noelle','Wakeman','2016-11-03 15:42:27',9,'false','false','false'),(3728,'Loliashallouf@gmail.com','$2y$10$SZ7H6yhS4JGTWWY6SskuxO4dyG6R3c5is2GVDJWvIIQEGaKPM4/X.','Lolia','Shallouf','2016-11-03 15:42:27',9,'false','true','true'),(3729,'casbolland@hotmail.com','$2y$10$SZ7H6yhS4JGTWWY6SskuxO4dyG6R3c5is2GVDJWvIIQEGaKPM4/X.','Cas','Bolland','2016-11-03 15:42:27',9,'false','true','true'),(3730,'Kburr@mail.uoguelph.ca','$2y$10$SZ7H6yhS4JGTWWY6SskuxO4dyG6R3c5is2GVDJWvIIQEGaKPM4/X.','Kaitlyn','Burr','2016-11-03 15:42:27',9,'false','false','false'),(3731,'bilalakbutt@gmail.com','$2y$10$SZ7H6yhS4JGTWWY6SskuxO4dyG6R3c5is2GVDJWvIIQEGaKPM4/X.','Bilal','Butt','2016-11-03 15:42:27',9,'false','false','true'),(3732,'xbox__1996@hotmail.com','$2y$10$SZ7H6yhS4JGTWWY6SskuxO4dyG6R3c5is2GVDJWvIIQEGaKPM4/X.','Simrun','Chahal','2016-11-03 15:42:27',9,'true','true','true'),(3733,'hcollins@mail.uoguelph.ca','$2y$10$SZ7H6yhS4JGTWWY6SskuxO4dyG6R3c5is2GVDJWvIIQEGaKPM4/X.','Haley','Collinson','2016-11-03 15:42:27',9,'false','true','false'),(3734,'g_everest@outlook.com','$2y$10$SZ7H6yhS4JGTWWY6SskuxO4dyG6R3c5is2GVDJWvIIQEGaKPM4/X.','Gabrielle','Everest','2016-11-03 15:42:27',9,'true','false','true'),(3735,'harpemaxwell@gmail.com','$2y$10$SZ7H6yhS4JGTWWY6SskuxO4dyG6R3c5is2GVDJWvIIQEGaKPM4/X.','Max','Harper','2016-11-03 15:42:27',9,'false','false','true'),(3736,'annyting@gmail.com','$2y$10$SZ7H6yhS4JGTWWY6SskuxO4dyG6R3c5is2GVDJWvIIQEGaKPM4/X.','Anny','Huang','2016-11-03 15:42:27',9,'false','false','true'),(3737,'maryamjabri@gmail.com','$2y$10$SZ7H6yhS4JGTWWY6SskuxO4dyG6R3c5is2GVDJWvIIQEGaKPM4/X.','Maryam','Jabri','2016-11-03 15:42:27',9,'true','false','true'),(3738,'Danielle.macdonald97@gmail.com','$2y$10$SZ7H6yhS4JGTWWY6SskuxO4dyG6R3c5is2GVDJWvIIQEGaKPM4/X.','Danielle','MacDonald','2016-11-03 15:42:27',9,'false','true','true'),(3739,'rmcknigh@mail.uoguelph.ca','$2y$10$SZ7H6yhS4JGTWWY6SskuxO4dyG6R3c5is2GVDJWvIIQEGaKPM4/X.','Riley','McKnight','2016-11-03 15:42:27',9,'false','false','false'),(3740,'spreston@mail.uoguelph.ca','$2y$10$SZ7H6yhS4JGTWWY6SskuxO4dyG6R3c5is2GVDJWvIIQEGaKPM4/X.','Sarah','Preston','2016-11-03 15:42:27',9,'true','false','false'),(3741,'annaragoobar@gmail.com','$2y$10$SZ7H6yhS4JGTWWY6SskuxO4dyG6R3c5is2GVDJWvIIQEGaKPM4/X.','Anna','Ragoobar','2016-11-03 15:42:27',9,'false','false','true'),(3742,'amysibbilin@gmail.com','$2y$10$SZ7H6yhS4JGTWWY6SskuxO4dyG6R3c5is2GVDJWvIIQEGaKPM4/X.','Amy','Sibbilin','2016-11-03 15:42:27',9,'false','true','true'),(3743,'jtherkil@mail.uoguelph.ca','$2y$10$SZ7H6yhS4JGTWWY6SskuxO4dyG6R3c5is2GVDJWvIIQEGaKPM4/X.','Jordyn','Therkildsen','2016-11-03 15:42:27',9,'true','true','false'),(3744,'rtoop@uoguelph.ca','$2y$10$SZ7H6yhS4JGTWWY6SskuxO4dyG6R3c5is2GVDJWvIIQEGaKPM4/X.','Rima','Toop','2016-11-03 15:42:27',9,'false','false','false'),(3745,'sammypumpkinpie@hotmail.com','$2y$10$SZ7H6yhS4JGTWWY6SskuxO4dyG6R3c5is2GVDJWvIIQEGaKPM4/X.','Sam','Tripp','2016-11-03 15:42:27',9,'false','false','true'),(3746,'ivangrev@mail.uoguelph.ca','$2y$10$SZ7H6yhS4JGTWWY6SskuxO4dyG6R3c5is2GVDJWvIIQEGaKPM4/X.','Ida','Van Grevenbroek','2016-11-03 15:42:27',9,'false','false','false'),(3747,'alexwallis28@gmail.com','$2y$10$SZ7H6yhS4JGTWWY6SskuxO4dyG6R3c5is2GVDJWvIIQEGaKPM4/X.','Alex','Wallis','2016-11-03 15:42:27',9,'false','true','true'),(3748,'susana@mail.uoguelph.ca','$2y$10$SZ7H6yhS4JGTWWY6SskuxO4dyG6R3c5is2GVDJWvIIQEGaKPM4/X.','Ahmet','Dinc','2016-11-03 15:42:27',9,'false','false','false'),(3749,'beaudois@mail.uoguelph.ca','$2y$10$SZ7H6yhS4JGTWWY6SskuxO4dyG6R3c5is2GVDJWvIIQEGaKPM4/X.','Shawna','Beaudoin','2016-11-03 15:42:27',9,'false','false','false'),(3750,'jbengall@mail.uoguelph.ca','$2y$10$SZ7H6yhS4JGTWWY6SskuxO4dyG6R3c5is2GVDJWvIIQEGaKPM4/X.','Jordana','Bengall','2016-11-03 15:42:27',9,'true','true','false'),(3751,'julia.jean@live.ca','$2y$10$SZ7H6yhS4JGTWWY6SskuxO4dyG6R3c5is2GVDJWvIIQEGaKPM4/X.','Julia','Kearney','2016-11-03 15:42:27',9,'false','false','false'),(3752,'punj@mail.uoguelph.ca','$2y$10$SZ7H6yhS4JGTWWY6SskuxO4dyG6R3c5is2GVDJWvIIQEGaKPM4/X.','Jessica','Pun','2016-11-03 15:42:27',9,'false','false','false'),(3753,'msanago@mail.uoguelph.ca','$2y$10$SZ7H6yhS4JGTWWY6SskuxO4dyG6R3c5is2GVDJWvIIQEGaKPM4/X.','Monica','Sanago','2016-11-03 15:42:27',9,'false','false','false'),(3754,'redaetd@gmail.com','$2y$10$SZ7H6yhS4JGTWWY6SskuxO4dyG6R3c5is2GVDJWvIIQEGaKPM4/X.','Redaet','Daniel','2016-11-03 15:42:27',9,'false','true','true'),(3755,'vlock@mail.uoguelph.ca','$2y$10$SZ7H6yhS4JGTWWY6SskuxO4dyG6R3c5is2GVDJWvIIQEGaKPM4/X.','Victoria','Lock','2016-11-03 15:42:27',9,'true','false','false'),(3756,'nparke01@mail.uoguelph.ca','$2y$10$SZ7H6yhS4JGTWWY6SskuxO4dyG6R3c5is2GVDJWvIIQEGaKPM4/X.','Nathan','Parker','2016-11-03 15:42:27',9,'false','false','false'),(3757,'jveidt@gmail.com','$2y$10$SZ7H6yhS4JGTWWY6SskuxO4dyG6R3c5is2GVDJWvIIQEGaKPM4/X.','Julia','Veidt','2016-11-03 15:42:27',9,'false','false','true'),(3758,'caudet@mail.uoguelph.ca','$2y$10$SZ7H6yhS4JGTWWY6SskuxO4dyG6R3c5is2GVDJWvIIQEGaKPM4/X.','Casey','Audet','2016-11-03 15:42:27',9,'false','false','false'),(3759,'atanskan@mail.uoguelph.ca','$2y$10$SZ7H6yhS4JGTWWY6SskuxO4dyG6R3c5is2GVDJWvIIQEGaKPM4/X.','Anetra','Tanskanen','2016-11-03 15:42:27',9,'true','false','false'),(3760,'emmie.allan13@gmail.com','$2y$10$SZ7H6yhS4JGTWWY6SskuxO4dyG6R3c5is2GVDJWvIIQEGaKPM4/X.','Emily','Allan','2016-11-03 15:42:27',9,'false','true','true'),(3761,'racquelarabia@hotmail.com','$2y$10$SZ7H6yhS4JGTWWY6SskuxO4dyG6R3c5is2GVDJWvIIQEGaKPM4/X.','Racquel','Arabia','2016-11-03 15:42:27',9,'false','false','true'),(3762,'jbelan01@mail.uoguelph.ca','$2y$10$SZ7H6yhS4JGTWWY6SskuxO4dyG6R3c5is2GVDJWvIIQEGaKPM4/X.','Joey','Belanger','2016-11-03 15:42:27',9,'false','true','false'),(3763,'jdourado@mail.uoguelph.ca','$2y$10$SZ7H6yhS4JGTWWY6SskuxO4dyG6R3c5is2GVDJWvIIQEGaKPM4/X.','Justin','Dourado','2016-11-03 15:42:27',9,'false','false','false'),(3764,'vmo@mail.uoguelph.ca','$2y$10$SZ7H6yhS4JGTWWY6SskuxO4dyG6R3c5is2GVDJWvIIQEGaKPM4/X.','Vivian','Mo','2016-11-03 15:42:27',9,'false','false','false'),(3765,'hnasir@mail.uoguelph.ca','$2y$10$SZ7H6yhS4JGTWWY6SskuxO4dyG6R3c5is2GVDJWvIIQEGaKPM4/X.','Hamza','Nasir','2016-11-03 15:42:27',9,'false','false','false'),(3766,'nvascott@mail.uoguelph.ca','$2y$10$SZ7H6yhS4JGTWWY6SskuxO4dyG6R3c5is2GVDJWvIIQEGaKPM4/X.','Nick','Vascotto','2016-11-03 15:42:27',9,'false','false','false'),(3767,'Weilera@mail.uoguelph.ca','$2y$10$SZ7H6yhS4JGTWWY6SskuxO4dyG6R3c5is2GVDJWvIIQEGaKPM4/X.','Alyssa','Weiler','2016-11-03 15:42:27',9,'false','true','false'),(3768,'stefanie.davenport@live.ca','$2y$10$SZ7H6yhS4JGTWWY6SskuxO4dyG6R3c5is2GVDJWvIIQEGaKPM4/X.','Stef','Davenport','2016-11-03 15:42:27',9,'false','false','false'),(3769,'ahosking95@gmail.com','$2y$10$SZ7H6yhS4JGTWWY6SskuxO4dyG6R3c5is2GVDJWvIIQEGaKPM4/X.','Amy','Hosking','2016-11-03 15:42:27',9,'false','false','true'),(3770,'akuttain@mail.uoguelph.ca','$2y$10$SZ7H6yhS4JGTWWY6SskuxO4dyG6R3c5is2GVDJWvIIQEGaKPM4/X.','Andrew','Kuttain','2016-11-03 15:42:27',9,'true','false','false'),(3771,'beanermanpowns@live.ca','$2y$10$SZ7H6yhS4JGTWWY6SskuxO4dyG6R3c5is2GVDJWvIIQEGaKPM4/X.','Ben','Sylvester','2016-11-03 15:42:27',9,'false','true','false'),(3772,'jbutle04@mail.uoguelph.ca','$2y$10$SZ7H6yhS4JGTWWY6SskuxO4dyG6R3c5is2GVDJWvIIQEGaKPM4/X.','Jennie','Butler','2016-11-03 15:42:27',9,'false','true','false'),(3773,'alannah.macdonald@hotmail.com','$2y$10$SZ7H6yhS4JGTWWY6SskuxO4dyG6R3c5is2GVDJWvIIQEGaKPM4/X.','Alannah','MacDonald','2016-11-03 15:42:27',9,'false','true','true'),(3774,'jmcewan@mail.uoguelph.ca','$2y$10$SZ7H6yhS4JGTWWY6SskuxO4dyG6R3c5is2GVDJWvIIQEGaKPM4/X.','Joshua','McEwan','2016-11-03 15:42:27',9,'false','false','false'),(3775,'kevin_snelgrove@hotmail.com','$2y$10$SZ7H6yhS4JGTWWY6SskuxO4dyG6R3c5is2GVDJWvIIQEGaKPM4/X.','Kevin','Snelgorve','2016-11-03 15:42:27',9,'false','true','true'),(3776,'rdudgeon@mail.uoguelph.ca','$2y$10$SZ7H6yhS4JGTWWY6SskuxO4dyG6R3c5is2GVDJWvIIQEGaKPM4/X.','Rebecca','Dudgeon','2016-11-03 15:42:27',9,'false','false','false'),(3777,'ajassi@uoguelph.ca','$2y$10$SZ7H6yhS4JGTWWY6SskuxO4dyG6R3c5is2GVDJWvIIQEGaKPM4/X.','Ashna','Jassi','2016-11-03 15:42:27',9,'false','false','false'),(3778,'bmacdoug@uoguelph.ca','$2y$10$SZ7H6yhS4JGTWWY6SskuxO4dyG6R3c5is2GVDJWvIIQEGaKPM4/X.','Becca','MacDougall','2016-11-03 15:42:27',9,'false','true','false'),(3779,'ackerlscott@gmail.com','$2y$10$SZ7H6yhS4JGTWWY6SskuxO4dyG6R3c5is2GVDJWvIIQEGaKPM4/X.','Scott','Ackerl','2016-11-03 15:42:27',9,'false','true','true'),(3780,'mbaldaro@mail.uoguelph.ca','$2y$10$SZ7H6yhS4JGTWWY6SskuxO4dyG6R3c5is2GVDJWvIIQEGaKPM4/X.','Michael','Baldaro','2016-11-03 15:42:27',9,'false','true','false'),(3781,'jbalfour@mail.uoguelph.ca','$2y$10$SZ7H6yhS4JGTWWY6SskuxO4dyG6R3c5is2GVDJWvIIQEGaKPM4/X.','Jordan','Balfour','2016-11-03 15:42:27',9,'true','true','false'),(3782,'jbell04@mail.uoguelph.ca','$2y$10$SZ7H6yhS4JGTWWY6SskuxO4dyG6R3c5is2GVDJWvIIQEGaKPM4/X.','Jennifer','Bell','2016-11-03 15:42:27',9,'true','true','false'),(3783,'lbender@mail.uoguelph.ca','$2y$10$SZ7H6yhS4JGTWWY6SskuxO4dyG6R3c5is2GVDJWvIIQEGaKPM4/X.','Laura','Bender','2016-11-03 15:42:27',9,'true','false','false'),(3784,'rbertens@mail.uoguelph.ca','$2y$10$SZ7H6yhS4JGTWWY6SskuxO4dyG6R3c5is2GVDJWvIIQEGaKPM4/X.','Rachel','Bertens','2016-11-03 15:42:27',9,'false','false','false'),(3785,'sborths@mail.uoguelph.ca','$2y$10$SZ7H6yhS4JGTWWY6SskuxO4dyG6R3c5is2GVDJWvIIQEGaKPM4/X.','Sebastian','Borths','2016-11-03 15:42:27',9,'false','false','false'),(3786,'abrankov@mail.uoguelph.ca','$2y$10$SZ7H6yhS4JGTWWY6SskuxO4dyG6R3c5is2GVDJWvIIQEGaKPM4/X.','Ana','Brankovan','2016-11-03 15:42:27',9,'false','false','false'),(3787,'cline@mail.uoguelph.ca','$2y$10$SZ7H6yhS4JGTWWY6SskuxO4dyG6R3c5is2GVDJWvIIQEGaKPM4/X.','Andrea','Cline','2016-11-03 15:42:27',9,'true','true','false'),(3788,'ecline@mail.uoguelph.ca','$2y$10$SZ7H6yhS4JGTWWY6SskuxO4dyG6R3c5is2GVDJWvIIQEGaKPM4/X.','Emily','Cline','2016-11-03 15:42:27',9,'false','true','false'),(3789,'mconne01@mail.uoguelph.ca','$2y$10$SZ7H6yhS4JGTWWY6SskuxO4dyG6R3c5is2GVDJWvIIQEGaKPM4/X.','Megan','Conner','2016-11-03 15:42:27',9,'false','false','false'),(3790,'danini1113@hotmail.com','$2y$10$SZ7H6yhS4JGTWWY6SskuxO4dyG6R3c5is2GVDJWvIIQEGaKPM4/X.','Danika','Ferguson','2016-11-03 15:42:27',9,'false','false','true'),(3791,'cfisch06@mail.uoguelph.ca','$2y$10$SZ7H6yhS4JGTWWY6SskuxO4dyG6R3c5is2GVDJWvIIQEGaKPM4/X.','Cameron','Fischer','2016-11-03 15:42:27',9,'true','false','false'),(3792,'jhogg01@mail.uoguelph.ca','$2y$10$SZ7H6yhS4JGTWWY6SskuxO4dyG6R3c5is2GVDJWvIIQEGaKPM4/X.','Jennifer','Hogg','2016-11-03 15:42:27',9,'true','false','false'),(3793,'mjasek@mail.uoguelph.ca','$2y$10$SZ7H6yhS4JGTWWY6SskuxO4dyG6R3c5is2GVDJWvIIQEGaKPM4/X.','Maggie','Jasek','2016-11-03 15:42:27',9,'false','false','false'),(3794,'ekhidhir@mail.uoguelph.ca','$2y$10$SZ7H6yhS4JGTWWY6SskuxO4dyG6R3c5is2GVDJWvIIQEGaKPM4/X.','Ezabela','Khidhir','2016-11-03 15:42:27',9,'false','false','false'),(3795,'ckoomen@mail.uoguelph.ca','$2y$10$SZ7H6yhS4JGTWWY6SskuxO4dyG6R3c5is2GVDJWvIIQEGaKPM4/X.','Courtney','Koomen','2016-11-03 15:42:27',9,'true','false','false'),(3796,'lalls@mail.uoguelph.ca','$2y$10$SZ7H6yhS4JGTWWY6SskuxO4dyG6R3c5is2GVDJWvIIQEGaKPM4/X.','Selina','Lall','2016-11-03 15:42:27',9,'false','true','false'),(3797,'emacdo12@mail.uoguelph.ca','$2y$10$SZ7H6yhS4JGTWWY6SskuxO4dyG6R3c5is2GVDJWvIIQEGaKPM4/X.','Eric','Macdonald','2016-11-03 15:42:27',9,'true','true','false'),(3798,'markova@mail.uoguelph.ca','$2y$10$SZ7H6yhS4JGTWWY6SskuxO4dyG6R3c5is2GVDJWvIIQEGaKPM4/X.','Acacia','Markov','2016-11-03 15:42:27',9,'false','false','false'),(3799,'jake.mart147@gmail.com','$2y$10$SZ7H6yhS4JGTWWY6SskuxO4dyG6R3c5is2GVDJWvIIQEGaKPM4/X.','Jake','Martin','2016-11-03 15:42:27',9,'false','false','true'),(3800,'hmay@mail.uoguelph.ca','$2y$10$SZ7H6yhS4JGTWWY6SskuxO4dyG6R3c5is2GVDJWvIIQEGaKPM4/X.','Hannah','May','2016-11-03 15:42:27',9,'false','false','false'),(3801,'mcnairk@mail.uoguelph.ca','$2y$10$SZ7H6yhS4JGTWWY6SskuxO4dyG6R3c5is2GVDJWvIIQEGaKPM4/X.','Katie','McNair','2016-11-03 15:42:27',9,'false','false','false'),(3802,'emilycmiller97@gmail.com','$2y$10$SZ7H6yhS4JGTWWY6SskuxO4dyG6R3c5is2GVDJWvIIQEGaKPM4/X.','Emily','Miller','2016-11-03 15:42:27',9,'false','true','true'),(3803,'mario_nahed@hotmail.com','$2y$10$SZ7H6yhS4JGTWWY6SskuxO4dyG6R3c5is2GVDJWvIIQEGaKPM4/X.','Mario','Nahed','2016-11-03 15:42:27',9,'true','false','true'),(3804,'knakamur@mail.uoguelph.ca','$2y$10$SZ7H6yhS4JGTWWY6SskuxO4dyG6R3c5is2GVDJWvIIQEGaKPM4/X.','Kate','Nakamura','2016-11-03 15:42:27',9,'false','false','false'),(3805,'enoilers@gmail.com','$2y$10$SZ7H6yhS4JGTWWY6SskuxO4dyG6R3c5is2GVDJWvIIQEGaKPM4/X.','Elizabeth','Norman','2016-11-03 15:42:27',9,'false','false','true'),(3806,'sormel@mail.uoguelph.ca','$2y$10$SZ7H6yhS4JGTWWY6SskuxO4dyG6R3c5is2GVDJWvIIQEGaKPM4/X.','Sarah','Ormel','2016-11-03 15:42:27',9,'true','true','false'),(3807,'pennera@mail.uoguelph.ca','$2y$10$SZ7H6yhS4JGTWWY6SskuxO4dyG6R3c5is2GVDJWvIIQEGaKPM4/X.','Allison','Penner','2016-11-03 15:42:27',9,'false','false','false'),(3808,'Kaitlyn.Peters14@gmail.com','$2y$10$SZ7H6yhS4JGTWWY6SskuxO4dyG6R3c5is2GVDJWvIIQEGaKPM4/X.','Kaitlyn','Peters','2016-11-03 15:42:27',9,'false','false','true'),(3809,'srozon@mail.uoguelph.ca','$2y$10$SZ7H6yhS4JGTWWY6SskuxO4dyG6R3c5is2GVDJWvIIQEGaKPM4/X.','Sarah','Rozon','2016-11-03 15:42:27',9,'true','false','false'),(3810,'Ellishanen@gmail.com','$2y$10$SZ7H6yhS4JGTWWY6SskuxO4dyG6R3c5is2GVDJWvIIQEGaKPM4/X.','Elli','Shanen','2016-11-03 15:42:27',9,'false','false','true'),(3811,'csteinga@mail.uoguelph.ca','$2y$10$SZ7H6yhS4JGTWWY6SskuxO4dyG6R3c5is2GVDJWvIIQEGaKPM4/X.','Courtney','Steingart','2016-11-03 15:42:27',9,'true','false','false'),(3812,'kstewa11@mail.uoguelph.ca','$2y$10$SZ7H6yhS4JGTWWY6SskuxO4dyG6R3c5is2GVDJWvIIQEGaKPM4/X.','Kevin','Stewart','2016-11-03 15:42:27',9,'false','false','false'),(3813,'btheriau@mail.uoguelph.ca','$2y$10$SZ7H6yhS4JGTWWY6SskuxO4dyG6R3c5is2GVDJWvIIQEGaKPM4/X.','Brandon','Theriault','2016-11-03 15:42:27',9,'true','true','false'),(3814,'blair.my.name@live.ca','$2y$10$SZ7H6yhS4JGTWWY6SskuxO4dyG6R3c5is2GVDJWvIIQEGaKPM4/X.','Blair','Thompson','2016-11-03 15:42:27',9,'true','false','false'),(3815,'gregthomsongt@gmail.com','$2y$10$SZ7H6yhS4JGTWWY6SskuxO4dyG6R3c5is2GVDJWvIIQEGaKPM4/X.','Greg','Thomson','2016-11-03 15:42:27',9,'true','false','true'),(3816,'htoews@mail.uoguelph.ca','$2y$10$SZ7H6yhS4JGTWWY6SskuxO4dyG6R3c5is2GVDJWvIIQEGaKPM4/X.','Hannah','Toews','2016-11-03 15:42:27',9,'false','false','false'),(3817,'liannavdz@gmail.com','$2y$10$SZ7H6yhS4JGTWWY6SskuxO4dyG6R3c5is2GVDJWvIIQEGaKPM4/X.','Lianna','van der Zalm','2016-11-03 15:42:27',9,'false','true','true'),(3818,'nwadie@mail.uoguelph.ca','$2y$10$SZ7H6yhS4JGTWWY6SskuxO4dyG6R3c5is2GVDJWvIIQEGaKPM4/X.','Nervana','Wadie','2016-11-03 15:42:27',9,'true','false','false'),(3819,'awajda@mail.uoguelph.ca','$2y$10$SZ7H6yhS4JGTWWY6SskuxO4dyG6R3c5is2GVDJWvIIQEGaKPM4/X.','Anna','Wajda','2016-11-03 15:42:27',9,'false','false','false'),(3820,'farkasr@mail.uoguelph.ca','$2y$10$SZ7H6yhS4JGTWWY6SskuxO4dyG6R3c5is2GVDJWvIIQEGaKPM4/X.','Rachel','Farkas','2016-11-03 15:42:27',9,'false','false','false'),(3821,'juanita.mnf@gmail.com','$2y$10$SZ7H6yhS4JGTWWY6SskuxO4dyG6R3c5is2GVDJWvIIQEGaKPM4/X.','Juanita','Francis','2016-11-03 15:42:27',9,'false','false','true'),(3822,'dgovende@mail.uoguelph.ca','$2y$10$SZ7H6yhS4JGTWWY6SskuxO4dyG6R3c5is2GVDJWvIIQEGaKPM4/X.','Divenita','Govender','2016-11-03 15:42:27',9,'false','false','false'),(3823,'Kmacne01@mail.uoguelph.ca','$2y$10$SZ7H6yhS4JGTWWY6SskuxO4dyG6R3c5is2GVDJWvIIQEGaKPM4/X.','Kayla','MacNeil','2016-11-03 15:42:27',9,'false','true','false'),(3824,'dmattrasingh@hotmail.com','$2y$10$SZ7H6yhS4JGTWWY6SskuxO4dyG6R3c5is2GVDJWvIIQEGaKPM4/X.','Destina','Mattrasingh','2016-11-03 15:42:27',9,'false','false','true'),(3825,'animemonstergirl@gmail.com','$2y$10$SZ7H6yhS4JGTWWY6SskuxO4dyG6R3c5is2GVDJWvIIQEGaKPM4/X.','Antara','Chakravarty','2016-11-03 15:42:27',9,'true','false','true'),(3826,'tarinkarunagoda@gmail.com','$2y$10$SZ7H6yhS4JGTWWY6SskuxO4dyG6R3c5is2GVDJWvIIQEGaKPM4/X.','Tarin','Karunagoda','2016-11-03 15:42:27',9,'true','false','true'),(3827,'cmeng@mail.uoguelph.ca','$2y$10$SZ7H6yhS4JGTWWY6SskuxO4dyG6R3c5is2GVDJWvIIQEGaKPM4/X.','Catherine','Meng','2016-11-03 15:42:27',9,'true','false','false'),(3828,'heshan16@hotmail.com','$2y$10$SZ7H6yhS4JGTWWY6SskuxO4dyG6R3c5is2GVDJWvIIQEGaKPM4/X.','Tian','He','2016-11-03 15:42:27',9,'false','false','true'),(3829,'agrant06@uoguelph.ca','$2y$10$SZ7H6yhS4JGTWWY6SskuxO4dyG6R3c5is2GVDJWvIIQEGaKPM4/X.','Arlene','Campbell','2016-11-03 15:42:27',9,'true','true','false'),(3830,'fcashell@mail.uoguelph.ca','$2y$10$SZ7H6yhS4JGTWWY6SskuxO4dyG6R3c5is2GVDJWvIIQEGaKPM4/X.','Fiona','Cashell','2016-11-03 15:42:27',9,'false','true','false'),(3831,'apucchio@mail.uoguelph.ca','$2y$10$SZ7H6yhS4JGTWWY6SskuxO4dyG6R3c5is2GVDJWvIIQEGaKPM4/X.','Aidan','Pucchio','2016-11-03 15:42:27',9,'false','false','false'),(3832,'jess.sussman@gmail.com','$2y$10$SZ7H6yhS4JGTWWY6SskuxO4dyG6R3c5is2GVDJWvIIQEGaKPM4/X.','Jess','Sussman','2016-11-03 15:42:27',9,'false','false','true'),(3833,'czivot@mail.uoguelph.ca','$2y$10$SZ7H6yhS4JGTWWY6SskuxO4dyG6R3c5is2GVDJWvIIQEGaKPM4/X.','Chloe','Zivot','2016-11-03 15:42:27',9,'false','false','false'),(3834,'blastlane123@gmail.com','$2y$10$SZ7H6yhS4JGTWWY6SskuxO4dyG6R3c5is2GVDJWvIIQEGaKPM4/X.','Naim','Faiyaz','2016-11-03 15:42:27',9,'false','false','true'),(3835,'kmangos@mail.uoguelph.ca','$2y$10$SZ7H6yhS4JGTWWY6SskuxO4dyG6R3c5is2GVDJWvIIQEGaKPM4/X.','Kristen','Mangos','2016-11-03 15:42:27',9,'true','false','false'),(3836,'neudorf@mail.uoguelph.ca','$2y$10$SZ7H6yhS4JGTWWY6SskuxO4dyG6R3c5is2GVDJWvIIQEGaKPM4/X.','Chloe','Neudorf','2016-11-03 15:42:27',9,'false','false','false'),(3837,'jasmyn@mai.uoguelph.ca','$2y$10$SZ7H6yhS4JGTWWY6SskuxO4dyG6R3c5is2GVDJWvIIQEGaKPM4/X.','Jasmyn','Skinner','2016-11-03 15:42:27',9,'false','false','false'),(3838,'lilsyed@hotmail.com','$2y$10$SZ7H6yhS4JGTWWY6SskuxO4dyG6R3c5is2GVDJWvIIQEGaKPM4/X.','Munaj','Syed','2016-11-03 15:42:27',9,'false','false','true'),(3839,'morgan_rose_@hotmail.com','$2y$10$SZ7H6yhS4JGTWWY6SskuxO4dyG6R3c5is2GVDJWvIIQEGaKPM4/X.','Morgan','Errington','2016-11-03 15:42:27',9,'true','false','true'),(3840,'fsahyoun@mail.uoguelph.ca','$2y$10$SZ7H6yhS4JGTWWY6SskuxO4dyG6R3c5is2GVDJWvIIQEGaKPM4/X.','Fiona','Sahyoun','2016-11-03 15:42:27',9,'false','false','false'),(3841,'hmj.wilcox@hotmail.com','$2y$10$SZ7H6yhS4JGTWWY6SskuxO4dyG6R3c5is2GVDJWvIIQEGaKPM4/X.','Hannah','Wilcox','2016-11-03 15:42:27',9,'false','true','true'),(3842,'jcarri03@mail.uoguelph.ca','$2y$10$SZ7H6yhS4JGTWWY6SskuxO4dyG6R3c5is2GVDJWvIIQEGaKPM4/X.','Joel','Carriere','2016-11-03 15:42:27',9,'false','false','false'),(3843,'agantous@mail.uoguelph.ca','$2y$10$SZ7H6yhS4JGTWWY6SskuxO4dyG6R3c5is2GVDJWvIIQEGaKPM4/X.','Alexis','Gantous','2016-11-03 15:42:27',9,'false','false','false'),(3844,'muscatj@mail.uoguelph.ca','$2y$10$SZ7H6yhS4JGTWWY6SskuxO4dyG6R3c5is2GVDJWvIIQEGaKPM4/X.','Joshua','Muscat','2016-11-03 15:42:27',9,'false','false','false'),(3862,'mAclan@uoguelph.ca','$2y$10$SZ7H6yhS4JGTWWY6SskuxO4dyG6R3c5is2GVDJWvIIQEGaKPM4/X.','monkeyA','AClan','0000-00-00 00:00:00',9,'false','false','false'),(3863,'dada@dada.org','$2y$10$1kEHC0yx4/tCKFHykzX7hOQihdVEeJuhvVOmV5.HgcfpFumS8Byyq','dominic','dodo','2017-04-13 18:14:59',9,'false','false','false'),(3864,'jj@ff','$2y$10$Qx8LVYIV7JTRQ3tBc5k7wOitWUwWskDrxvjB66QhJ/5awMgxiAOlS','J','J','2017-04-13 18:17:06',9,'false','false','false');
/*!40000 ALTER TABLE `user` ENABLE KEYS */;
UNLOCK TABLES;

--
-- Table structure for table `user_role`
--

DROP TABLE IF EXISTS `user_role`;
/*!40101 SET @saved_cs_client     = @@character_set_client */;
/*!40101 SET character_set_client = utf8 */;
CREATE TABLE `user_role` (
  `user_id` int(11) NOT NULL,
  `role` enum('*','admin','organizer','moderator','editor','participant','driver') CHARACTER SET utf8 NOT NULL,
  UNIQUE KEY `user_role_id_role` (`user_id`,`role`),
  CONSTRAINT `user_role_user_id` FOREIGN KEY (`user_id`) REFERENCES `user` (`user_id`) ON DELETE CASCADE ON UPDATE NO ACTION
) ENGINE=InnoDB DEFAULT CHARSET=utf8 COLLATE=utf8_unicode_ci COMMENT='Holds the user''s roles for user accounts';
/*!40101 SET character_set_client = @saved_cs_client */;

--
-- Dumping data for table `user_role`
--

LOCK TABLES `user_role` WRITE;
/*!40000 ALTER TABLE `user_role` DISABLE KEYS */;
INSERT INTO `user_role` VALUES (1,'*'),(2,'participant'),(2,'driver'),(3,'organizer'),(4,'participant'),(4,'driver'),(5,'editor'),(6,'moderator'),(6,'participant'),(7,'organizer'),(7,'participant'),(8,'participant'),(9,'participant'),(10,'participant'),(11,'participant'),(12,'participant'),(13,'participant'),(14,'participant'),(15,'participant'),(16,'participant'),(17,'participant'),(18,'participant'),(19,'participant'),(20,'participant'),(21,'participant'),(22,'participant'),(23,'participant'),(24,'participant'),(25,'participant'),(26,'participant'),(27,'participant'),(28,'participant'),(29,'participant'),(30,'participant'),(31,'participant'),(32,'participant'),(33,'participant'),(34,'participant'),(35,'participant'),(36,'participant'),(3437,'participant'),(3438,'participant'),(3439,'participant'),(3440,'participant'),(3441,'participant'),(3442,'participant'),(3443,'participant'),(3444,'participant'),(3445,'participant'),(3446,'participant'),(3447,'participant'),(3448,'participant'),(3449,'participant'),(3450,'participant'),(3451,'participant'),(3452,'participant'),(3453,'participant'),(3454,'participant'),(3455,'participant'),(3456,'participant'),(3457,'participant'),(3458,'participant'),(3459,'participant'),(3460,'participant'),(3461,'participant'),(3462,'participant'),(3463,'participant'),(3464,'participant'),(3465,'participant'),(3466,'participant'),(3467,'participant'),(3468,'participant'),(3469,'participant'),(3470,'participant'),(3471,'participant'),(3472,'participant'),(3473,'participant'),(3474,'participant'),(3475,'participant'),(3476,'participant'),(3477,'participant'),(3478,'participant'),(3479,'participant'),(3480,'participant'),(3481,'participant'),(3482,'participant'),(3483,'participant'),(3484,'participant'),(3485,'participant'),(3486,'participant'),(3487,'participant'),(3488,'participant'),(3489,'participant'),(3490,'participant'),(3491,'participant'),(3492,'participant'),(3493,'participant'),(3494,'participant'),(3495,'participant'),(3496,'participant'),(3497,'participant'),(3498,'participant'),(3499,'participant'),(3500,'participant'),(3501,'participant'),(3502,'participant'),(3503,'participant'),(3504,'participant'),(3505,'participant'),(3506,'participant'),(3507,'participant'),(3508,'participant'),(3509,'participant'),(3510,'participant'),(3511,'participant'),(3512,'participant'),(3513,'participant'),(3514,'participant'),(3515,'participant'),(3516,'participant'),(3517,'participant'),(3518,'participant'),(3519,'participant'),(3520,'participant'),(3521,'participant'),(3522,'participant'),(3523,'participant'),(3524,'participant'),(3525,'participant'),(3526,'participant'),(3527,'participant'),(3528,'participant'),(3529,'participant'),(3530,'participant'),(3531,'participant'),(3532,'participant'),(3533,'participant'),(3534,'participant'),(3535,'participant'),(3536,'participant'),(3537,'participant'),(3538,'participant'),(3539,'participant'),(3540,'participant'),(3541,'participant'),(3542,'participant'),(3543,'participant'),(3544,'participant'),(3545,'participant'),(3546,'participant'),(3547,'participant'),(3548,'participant'),(3549,'participant'),(3550,'participant'),(3551,'participant'),(3552,'participant'),(3553,'participant'),(3554,'participant'),(3555,'participant'),(3556,'participant'),(3557,'participant'),(3558,'participant'),(3559,'participant'),(3560,'participant'),(3561,'participant'),(3562,'participant'),(3563,'participant'),(3564,'participant'),(3565,'participant'),(3566,'participant'),(3567,'participant'),(3568,'participant'),(3569,'participant'),(3570,'participant'),(3571,'participant'),(3572,'participant'),(3573,'participant'),(3574,'participant'),(3575,'participant'),(3576,'participant'),(3577,'participant'),(3578,'participant'),(3579,'participant'),(3580,'participant'),(3581,'participant'),(3582,'participant'),(3583,'participant'),(3584,'participant'),(3585,'participant'),(3586,'participant'),(3587,'participant'),(3588,'participant'),(3589,'participant'),(3590,'participant'),(3591,'participant'),(3592,'participant'),(3593,'participant'),(3594,'participant'),(3595,'participant'),(3596,'participant'),(3597,'participant'),(3598,'participant'),(3599,'participant'),(3600,'participant'),(3601,'participant'),(3602,'participant'),(3603,'participant'),(3604,'participant'),(3605,'participant'),(3606,'participant'),(3607,'participant'),(3608,'participant'),(3609,'participant'),(3610,'participant'),(3611,'participant'),(3612,'participant'),(3613,'participant'),(3614,'participant'),(3615,'participant'),(3616,'participant'),(3617,'participant'),(3618,'participant'),(3619,'participant'),(3620,'participant'),(3621,'participant'),(3622,'participant'),(3623,'participant'),(3624,'participant'),(3625,'participant'),(3626,'participant'),(3627,'participant'),(3628,'participant'),(3629,'participant'),(3630,'participant'),(3631,'participant'),(3632,'participant'),(3633,'participant'),(3634,'participant'),(3635,'participant'),(3636,'participant'),(3637,'participant'),(3638,'participant'),(3639,'participant'),(3640,'participant'),(3641,'participant'),(3642,'participant'),(3643,'participant'),(3644,'participant'),(3645,'participant'),(3646,'participant'),(3647,'participant'),(3648,'participant'),(3649,'participant'),(3650,'participant'),(3651,'participant'),(3652,'participant'),(3653,'participant'),(3654,'participant'),(3655,'participant'),(3656,'participant'),(3657,'participant'),(3658,'participant'),(3659,'participant'),(3660,'participant'),(3661,'participant'),(3662,'participant'),(3663,'participant'),(3664,'participant'),(3665,'participant'),(3666,'participant'),(3667,'participant'),(3668,'participant'),(3669,'participant'),(3670,'participant'),(3671,'participant'),(3672,'participant'),(3673,'participant'),(3674,'participant'),(3675,'participant'),(3676,'participant'),(3677,'participant'),(3678,'participant'),(3679,'participant'),(3680,'participant'),(3681,'participant'),(3682,'participant'),(3683,'participant'),(3684,'participant'),(3685,'participant'),(3686,'participant'),(3687,'participant'),(3688,'participant'),(3689,'participant'),(3690,'participant'),(3691,'participant'),(3692,'participant'),(3693,'participant'),(3694,'participant'),(3695,'participant'),(3696,'participant'),(3697,'participant'),(3698,'participant'),(3699,'participant'),(3700,'participant'),(3701,'participant'),(3702,'participant'),(3703,'participant'),(3704,'participant'),(3705,'participant'),(3706,'participant'),(3707,'participant'),(3708,'participant'),(3709,'participant'),(3710,'participant'),(3711,'participant'),(3712,'participant'),(3713,'participant'),(3714,'participant'),(3715,'participant'),(3716,'participant'),(3717,'participant'),(3718,'participant'),(3719,'participant'),(3720,'participant'),(3721,'participant'),(3722,'participant'),(3723,'participant'),(3724,'participant'),(3725,'participant'),(3726,'participant'),(3727,'participant'),(3728,'participant'),(3729,'participant'),(3730,'participant'),(3731,'participant'),(3732,'participant'),(3733,'participant'),(3734,'participant'),(3735,'participant'),(3736,'participant'),(3737,'participant'),(3738,'participant'),(3739,'participant'),(3740,'participant'),(3741,'participant'),(3742,'participant'),(3743,'participant'),(3744,'participant'),(3745,'participant'),(3746,'participant'),(3747,'participant'),(3748,'participant'),(3749,'participant'),(3750,'participant'),(3751,'participant'),(3752,'participant'),(3753,'participant'),(3754,'participant'),(3755,'participant'),(3756,'participant'),(3757,'participant'),(3758,'participant'),(3759,'participant'),(3760,'participant'),(3761,'participant'),(3762,'participant'),(3763,'participant'),(3764,'participant'),(3765,'participant'),(3766,'participant'),(3767,'participant'),(3768,'participant'),(3769,'participant'),(3770,'participant'),(3771,'participant'),(3772,'participant'),(3773,'participant'),(3774,'participant'),(3775,'participant'),(3776,'participant'),(3777,'participant'),(3778,'participant'),(3779,'participant'),(3780,'participant'),(3781,'participant'),(3782,'participant'),(3783,'participant'),(3784,'participant'),(3785,'participant'),(3786,'participant'),(3787,'participant'),(3788,'participant'),(3789,'participant'),(3790,'participant'),(3791,'participant'),(3792,'participant'),(3793,'participant'),(3794,'participant'),(3795,'participant'),(3796,'participant'),(3797,'participant'),(3798,'participant'),(3799,'participant'),(3800,'participant'),(3801,'participant'),(3802,'participant'),(3803,'participant'),(3804,'participant'),(3805,'participant'),(3806,'participant'),(3807,'participant'),(3808,'participant'),(3809,'participant'),(3810,'participant'),(3811,'participant'),(3812,'participant'),(3813,'participant'),(3814,'participant'),(3815,'participant'),(3816,'participant'),(3817,'participant'),(3818,'participant'),(3819,'participant'),(3820,'participant'),(3821,'participant'),(3822,'participant'),(3823,'participant'),(3824,'participant'),(3825,'participant'),(3826,'participant'),(3827,'participant'),(3828,'participant'),(3829,'participant'),(3830,'participant'),(3831,'participant'),(3832,'participant'),(3833,'participant'),(3834,'participant'),(3835,'participant'),(3836,'participant'),(3837,'participant'),(3838,'participant'),(3839,'participant'),(3840,'participant'),(3841,'participant'),(3842,'participant'),(3843,'participant'),(3844,'participant'),(3862,'participant'),(3863,'participant'),(3864,'participant');
/*!40000 ALTER TABLE `user_role` ENABLE KEYS */;
UNLOCK TABLES;

--
-- Table structure for table `zone`
--

DROP TABLE IF EXISTS `zone`;
/*!40101 SET @saved_cs_client     = @@character_set_client */;
/*!40101 SET character_set_client = utf8 */;
CREATE TABLE `zone` (
  `zone_id` int(11) NOT NULL AUTO_INCREMENT,
  `zone_name` varchar(100) COLLATE utf8_unicode_ci NOT NULL,
  `status` enum('active','inactive','retired') COLLATE utf8_unicode_ci NOT NULL,
  `date_added` datetime NOT NULL DEFAULT CURRENT_TIMESTAMP,
  `date_modified` datetime NOT NULL DEFAULT CURRENT_TIMESTAMP,
  `central_parking_address` varchar(300) COLLATE utf8_unicode_ci NOT NULL,
  `central_building_name` varchar(300) COLLATE utf8_unicode_ci NOT NULL,
  `zone_radius_meter` int(11) NOT NULL DEFAULT '0',
  `houses_covered` int(11) NOT NULL DEFAULT '0',
  `region_id` int(11) NOT NULL,
  `latitude` decimal(10,8) NOT NULL DEFAULT '0.00000000',
  `longitude` decimal(11,8) NOT NULL DEFAULT '0.00000000',
  `zoom` int(11) NOT NULL DEFAULT '5',
  PRIMARY KEY (`zone_id`),
  UNIQUE KEY `zone_id_UNIQUE` (`zone_id`),
  UNIQUE KEY `zone_name_UNIQUE` (`zone_name`),
  KEY `zone_status_IDX` (`status`),
  KEY `FK_region_zone_region_id_idx` (`region_id`),
  CONSTRAINT `FK_region_zone_region_id` FOREIGN KEY (`region_id`) REFERENCES `region` (`region_id`) ON DELETE NO ACTION ON UPDATE NO ACTION
) ENGINE=InnoDB AUTO_INCREMENT=35 DEFAULT CHARSET=utf8 COLLATE=utf8_unicode_ci;
/*!40101 SET character_set_client = @saved_cs_client */;

--
-- Dumping data for table `zone`
--

LOCK TABLES `zone` WRITE;
/*!40000 ALTER TABLE `zone` DISABLE KEYS */;
INSERT INTO `zone` VALUES (1,'test-zone','active','2017-01-30 17:28:51','2017-02-09 01:38:21','391 Victoria Rd N, Guelph, ON, Canada','St. Patrick Catholic School',250,200,9,43.57691500,-80.25670600,16),(34,'york zone','active','2017-04-13 18:26:59','2017-04-13 18:26:59','177 Elmhurst Ave, North York, ON M2N 1R9, Canada','north york regional mall',50,20,9,43.76105235,-79.42085266,7);
/*!40000 ALTER TABLE `zone` ENABLE KEYS */;
UNLOCK TABLES;
/*!50003 SET @saved_cs_client      = @@character_set_client */ ;
/*!50003 SET @saved_cs_results     = @@character_set_results */ ;
/*!50003 SET @saved_col_connection = @@collation_connection */ ;
/*!50003 SET character_set_client  = utf8 */ ;
/*!50003 SET character_set_results = utf8 */ ;
/*!50003 SET collation_connection  = utf8_general_ci */ ;
/*!50003 SET @saved_sql_mode       = @@sql_mode */ ;
/*!50003 SET sql_mode              = 'ONLY_FULL_GROUP_BY,STRICT_TRANS_TABLES,NO_ZERO_IN_DATE,NO_ZERO_DATE,ERROR_FOR_DIVISION_BY_ZERO,NO_AUTO_CREATE_USER,NO_ENGINE_SUBSTITUTION' */ ;
DELIMITER ;;
/*!50003 CREATE*/ /*!50017 DEFINER=`root`@`localhost`*/ /*!50003 TRIGGER `scotchbox`.`zone_BEFORE_INSERT` BEFORE INSERT ON `zone` FOR EACH ROW
BEGIN
	IF NEW.latitude < -90 OR NEW.latitude > 90 THEN
		CALL `bad latitude used. Must be between -90 and 90.`;
	END IF;
    IF NEW.longitude < -180 OR NEW.longitude > 180 THEN
		CALL `bad longitude used. Must be between -180 and 180`;
	END IF;
    IF NEW.zoom < 1 OR NEW.zoom > 20 THEN
		CALL `bad zoom used. Must be between 1 and 20`;
	END IF;
    IF NEW.zone_radius_meter < 0 THEN
		CALL `bad zone_radius_meter used. Must be greater than 0`;
	END IF;
    IF NEW.houses_covered < 0 THEN
		CALL `bad houses_covered used. Must be greater than 0`;
	END IF;
END */;;
DELIMITER ;
/*!50003 SET sql_mode              = @saved_sql_mode */ ;
/*!50003 SET character_set_client  = @saved_cs_client */ ;
/*!50003 SET character_set_results = @saved_cs_results */ ;
/*!50003 SET collation_connection  = @saved_col_connection */ ;
/*!50003 SET @saved_cs_client      = @@character_set_client */ ;
/*!50003 SET @saved_cs_results     = @@character_set_results */ ;
/*!50003 SET @saved_col_connection = @@collation_connection */ ;
/*!50003 SET character_set_client  = utf8 */ ;
/*!50003 SET character_set_results = utf8 */ ;
/*!50003 SET collation_connection  = utf8_general_ci */ ;
/*!50003 SET @saved_sql_mode       = @@sql_mode */ ;
/*!50003 SET sql_mode              = 'ONLY_FULL_GROUP_BY,STRICT_TRANS_TABLES,NO_ZERO_IN_DATE,NO_ZERO_DATE,ERROR_FOR_DIVISION_BY_ZERO,NO_AUTO_CREATE_USER,NO_ENGINE_SUBSTITUTION' */ ;
DELIMITER ;;
/*!50003 CREATE*/ /*!50017 DEFINER=`root`@`localhost`*/ /*!50003 TRIGGER `scotchbox`.`zone_BEFORE_UPDATE` BEFORE UPDATE ON `zone` FOR EACH ROW
BEGIN
	IF NEW.latitude < -90 OR NEW.latitude > 90 THEN
		CALL `bad latitude used. Must be between -90 and 90.`;
	END IF;
    IF NEW.longitude < -180 OR NEW.longitude > 180 THEN
		CALL `bad longitude used. Must be between -180 and 180`;
	END IF;
    IF NEW.zoom < 1 OR NEW.zoom > 20 THEN
		CALL `bad zoom used. Must be between 1 and 20`;
	END IF;
    IF NEW.zone_radius_meter < 0 THEN
		CALL `bad zone_radius_meter used. Must be greater than 0`;
	END IF;
    IF NEW.houses_covered < 0 THEN
		CALL `bad houses_covered used. Must be greater than 0`;
	END IF;
END */;;
DELIMITER ;
/*!50003 SET sql_mode              = @saved_sql_mode */ ;
/*!50003 SET character_set_client  = @saved_cs_client */ ;
/*!50003 SET character_set_results = @saved_cs_results */ ;
/*!50003 SET collation_connection  = @saved_col_connection */ ;

--
-- Dumping events for database 'scotchbox'
--

--
-- Dumping routines for database 'scotchbox'
--
/*!40103 SET TIME_ZONE=@OLD_TIME_ZONE */;

/*!40101 SET SQL_MODE=@OLD_SQL_MODE */;
/*!40014 SET FOREIGN_KEY_CHECKS=@OLD_FOREIGN_KEY_CHECKS */;
/*!40014 SET UNIQUE_CHECKS=@OLD_UNIQUE_CHECKS */;
/*!40101 SET CHARACTER_SET_CLIENT=@OLD_CHARACTER_SET_CLIENT */;
/*!40101 SET CHARACTER_SET_RESULTS=@OLD_CHARACTER_SET_RESULTS */;
/*!40101 SET COLLATION_CONNECTION=@OLD_COLLATION_CONNECTION */;
/*!40111 SET SQL_NOTES=@OLD_SQL_NOTES */;

-- Dump completed on 2017-04-14 16:45:01
